,gene_name,gex_predicted
0,CAPN9,0.395898073911667
1,ILF2,0.84426212310791
2,ST6GALNAC5,4.19053649902344
3,MROH7-TTC4,0.313530623912811
4,AGO4,0.43694856762886
5,AKR1A1,50.2440338134766
6,LRRC8B,35.5415534973145
7,EFNA3,8.39421844482422
8,GSTM3,4.53945541381836
9,CRYBG2,2.20726490020752
10,CCDC24,1.09398353099823
11,ARHGEF2,5.39825010299683
12,SYNC,26.2401161193848
13,ABCA4,0.975432276725769
14,LYST,23.3970584869385
15,XCL2,0.719043910503387
16,RBM15,134.805679321289
17,JAK1,1.27963364124298
18,SMAP2,0.230776950716972
19,PTPN7,0.641254842281342
20,IQGAP3,38.926815032959
21,IFI16,93.9350891113281
22,PIGV,84.2570495605469
23,IRF6,19.3050727844238
24,TMEM53,25.743631362915
25,C1QTNF12,0.918916583061218
26,CLCNKA,0.392115354537964
27,SESN2,49.4604034423828
28,HPCA,1.23381364345551
29,PRAMEF13,0.301781505346298
30,IPP,189.310256958008
31,SELE,0.157896608114243
32,SETDB1,59.5553665161133
33,TNFRSF9,1.27636480331421
34,PRRC2C,1.80000007152557
35,TAL1,17.8770713806152
36,PPM1J,9.69104099273682
37,ATP1A2,0.592998683452606
38,CDC20,96.91796875
39,MARK1,14.7363843917847
40,RNF19B,8.76832580566406
41,CPTP,47.1551475524902
42,ADORA1,0.404267936944962
43,PMF1-BGLAP,86.3728179931641
44,DNAH14,7.30253982543945
45,UBE2U,0.645107507705688
46,CEP104,25.5710678100586
47,DARS2,0.948506236076355
48,RNF207,3.98609638214111
49,BMP8B,1.01538193225861
50,VTCN1,0.491070717573166
51,GABPB2,29.7088756561279
52,NOS1AP,1.4773280620575
53,EPHA10,0.432818651199341
54,SRGAP2,0.697350382804871
55,SZT2,113.54190826416
56,NR5A2,0.675529539585114
57,PMVK,117.334457397461
58,LHX8,0.862284719944
59,LCE3C,0.211788818240166
60,OR10R2,0.334267675876617
61,RNF115,0.888229787349701
62,LURAP1,28.2082538604736
63,NENF,19.3088760375977
64,TMEM52,2.41323232650757
65,SRP9,232.437255859375
66,MIIP,0.950728416442871
67,P3R3URF,0.271788060665131
68,WASF2,70.827392578125
69,SMCP,0.256417512893677
70,GNB1,17.7469825744629
71,ARID1A,0.79065614938736
72,RIMKLA,2.06504607200623
73,NHLH2,0.211382150650024
74,ST7L,113.632957458496
75,CYP2J2,2.44916272163391
76,PRRX1,0.430949866771698
77,ZNF436,229.795776367188
78,C1orf56,41.488395690918
79,DDI2,97.6422500610352
80,MTOR,0.220070689916611
81,PRAMEF5,0.322858095169067
82,TNNI3K,0.418346107006073
83,NMNAT2,0.40884593129158
84,YTHDF2,179.478744506836
85,SFT2D2,52.6181373596191
86,FAM71A,1.1067259311676
87,FAAP20,14.4569492340088
88,SLC30A7,76.9489364624023
89,TLCD4-RWDD3,1.93555235862732
90,RFX5,9.41492748260498
91,C1orf122,16.7365627288818
92,CDA,0.496205359697342
93,RPTN,0.221163854002953
94,FAM229A,1.12400019168854
95,CD55,1.00211870670319
96,MCOLN2,0.478799194097519
97,RASAL2,0.726415753364563
98,MEX3A,10.863974571228
99,TGFBR3,20.6954650878906
100,PDIK1L,8.11461925506592
101,STUM,0.859986186027527
102,NDUFS5,101.760452270508
103,CHTOP,623.004150390625
104,ALG14,0.312465339899063
105,CD34,1.70704340934753
106,PTGFR,0.738131642341614
107,KCNA10,0.2310641258955
108,FCMR,0.514209151268005
109,LYPLAL1,14.6137132644653
110,RABGGTB,338.701446533203
111,NFIA,30.9028186798096
112,ADSS2,100.653831481934
113,PPIAL4E,0.461274415254593
114,FMO3,0.745179414749146
115,NECTIN4,0.32099923491478
116,SMPDL3B,0.403951972723007
117,ITGA10,44.7578201293945
118,H3-4,0.320119947195053
119,AGT,0.337077975273132
120,H3C14,4.32508707046509
121,RBM34,66.7737274169922
122,TTLL10,0.275753825902939
123,SPRR2G,0.687213838100433
124,FOXD2,1.10917413234711
125,EXOSC10,0.250227987766266
126,TAGLN2,24.6313495635986
127,IGSF9,1.58434653282166
128,CCDC163,4.24199867248535
129,ZC3H11A,95.0692901611328
130,USH2A,0.476732671260834
131,F3,30.0432987213135
132,ZNF670-ZNF695,76.822265625
133,S100A16,6.95571756362915
134,SPATA45,0.440113037824631
135,FCER1G,0.650833189487457
136,HEYL,1.0523087978363
137,RBBP5,26.8120403289795
138,JMJD4,3.04495191574097
139,MLLT11,30.2807502746582
140,FAM110D,6.74837779998779
141,MMP23B,0.351826906204224
142,TMEM51,6.44302320480347
143,SLC26A9,0.463483184576035
144,VAV3,0.408811122179031
145,NTPCR,0.410566329956055
146,STIL,0.57687771320343
147,ZNF593OS,2.03952646255493
148,ARF1,52.1801872253418
149,PCSK9,0.274851530790329
150,TRAPPC3,147.870300292969
151,GLUL,248.962432861328
152,CD5L,0.490241438150406
153,DISP3,12.99196434021
154,SLC30A2,0.241832047700882
155,LYSMD1,147.166870117188
156,MPZ,24.9989223480225
157,OR6Y1,0.311634331941605
158,PEX19,1.037593126297
159,OR2M3,0.47805517911911
160,KIAA2013,11.8320178985596
161,DNAJC16,101.696708679199
162,HDAC1,0.600003480911255
163,KCNT2,1.08419418334961
164,SH2D2A,1.83051252365112
165,IL22RA1,0.134469896554947
166,CSMD2,0.159709453582764
167,NR1I3,0.323079288005829
168,LCE2C,0.317996084690094
169,TDRKH,0.349400132894516
170,PLOD1,0.685015082359314
171,SLC41A1,67.2982711791992
172,C8A,0.50894159078598
173,RXRG,0.313624411821365
174,RGL1,19.6237506866455
175,PRKCZ,0.603466153144836
176,ZBTB18,56.3252906799316
177,RHD,0.388747453689575
178,SEMA6C,0.364455223083496
179,RHOU,0.0833925977349281
180,FOXD3,0.154800832271576
181,ZNF648,0.444065809249878
182,MORN1,108.042137145996
183,GOLPH3L,42.3480796813965
184,TMEM35B,44.23876953125
185,PRKACB,0.722351133823395
186,OXCT2,0.548244893550873
187,PARP1,48.1518058776855
188,S100A5,1.39342427253723
189,THRAP3,178.72004699707
190,UHMK1,108.380424499512
191,NECAP2,32.6956405639648
192,NBPF3,0.961252331733704
193,H3C13,3.712735414505
194,LYPD8,0.251567929983139
195,C1orf35,9.49854755401611
196,HMGN2,334.073425292969
197,CDC42,115.507591247559
198,RPA2,49.0690765380859
199,ZMYM4,20.127103805542
200,RAVER2,12.8799448013306
201,CTRC,1.3020224571228
202,RIIAD1,0.291327357292175
203,PLA2G5,0.559994995594025
204,NOTCH2NLA,0.906224846839905
205,PRDX6,168.527679443359
206,IBA57,0.552764713764191
207,G0S2,1.73172223567963
208,TAS1R2,0.256772249937057
209,FAM76A,64.1158599853516
210,PATJ,9.84697914123535
211,SRGAP2C,0.331353724002838
212,FMO2,1.30045676231384
213,ZNF670,80.9377670288086
214,MAN1C1,0.496612548828125
215,OSCP1,37.991283416748
216,SPATA46,1.67133951187134
217,ATP1A4,0.576900720596313
218,LPGAT1,0.811071872711182
219,C1orf162,3.03091144561768
220,HSD3B2,0.286169767379761
221,OR2L3,0.485414683818817
222,B4GALT2,41.3052749633789
223,PGBD2,23.2260093688965
224,ORC1,223.989395141602
225,GPR61,0.434137791395187
226,XPR1,0.688458621501923
227,PRAMEF25,0.392546772956848
228,LACTBL1,1.9021919965744
229,PAQR6,0.364516228437424
230,S100A10,46.3734397888184
231,OLFML2B,1.06139099597931
232,KIFAP3,39.7799873352051
233,TOE1,49.7605018615723
234,ZFP69B,68.1702194213867
235,TAFA3,2.90116453170776
236,UCK2,4.59694766998291
237,BOLA1,10.6808567047119
238,KCTD3,1.79482626914978
239,ACAP3,0.2438924908638
240,MT1HL1,0.204658374190331
241,RPL22,10.9862146377563
242,ACTN2,13.266227722168
243,CLSTN1,10.2804355621338
244,FAM43B,3.72578597068787
245,COX20,27.0495948791504
246,PLA2G4A,2.53015995025635
247,NOL9,0.402944505214691
248,ESRRG,0.425590813159943
249,BROX,67.8930511474609
250,COPA,143.865829467773
251,PYGO2,14.3582715988159
252,PRR9,1.06181740760803
253,UQCRHL,0.538277804851532
254,HMGB4,0.47700360417366
255,RHBDL2,0.841951549053192
256,FH,48.6002578735352
257,CCDC17,1.77814388275146
258,MTF1,2.15952491760254
259,SELL,3.25331425666809
260,HPDL,31.0786037445068
261,GNG5,113.788520812988
262,GADD45A,381.025512695312
263,PPIH,3.51001763343811
264,TMEM88B,0.125013917684555
265,CTPS1,3.19343781471252
266,EPS15,0.535416305065155
267,KPRP,0.280321478843689
268,LEFTY2,0.298597127199173
269,TCHHL1,0.125219896435738
270,GJB5,0.642013132572174
271,FMO1,1.87099063396454
272,DNAJC11,39.3302879333496
273,STX12,173.738830566406
274,WDR26,13.3957319259644
275,YARS1,47.6390113830566
276,OR13G1,0.185872331261635
277,GPA33,0.21745328605175
278,TAF1A,19.0885257720947
279,ERMAP,77.3719100952148
280,SLAMF8,0.630296289920807
281,LRRC52,0.328548014163971
282,IGSF21,0.291049033403397
283,PPOX,0.937966346740723
284,RORC,0.432185232639313
285,AMY2B,0.473692864179611
286,CA6,0.873224377632141
287,LCE3D,0.175039902329445
288,SHISA4,10.4338455200195
289,ZBTB40,40.1648025512695
290,TXLNA,92.0636367797852
291,LCE1E,0.330051511526108
292,RSRP1,9.243896484375
293,H2AC20,24.0537624359131
294,PDZK1IP1,0.230539932847023
295,NBPF26,0.75918573141098
296,B4GALT3,60.3747329711914
297,SLC25A44,1.40711808204651
298,CASQ1,0.454785317182541
299,TMEM81,1.09366881847382
300,KCNA3,0.20896503329277
301,HSPB11,26.6957511901855
302,KHDRBS1,56.0131034851074
303,USP33,0.76443350315094
304,NAV1,0.999033391475677
305,CD1C,0.778901755809784
306,SPTA1,0.322069585323334
307,DCLRE1B,23.9995994567871
308,NASP,85.7687683105469
309,MSH4,1.20580577850342
310,OPN3,91.4798278808594
311,DCAF8,31.0453300476074
312,MRPL24,33.6810264587402
313,TEX46,5.40265417098999
314,IFNLR1,0.682201504707336
315,MTF2,177.632720947266
316,PLD5,0.3891741335392
317,PTPN22,0.703920066356659
318,SNX7,47.9997711181641
319,SDE2,35.606071472168
320,CDCA8,71.6123733520508
321,SLAMF7,0.228539317846298
322,KRTCAP2,53.658763885498
323,SPOCD1,1.60730373859406
324,GREM2,1.52339506149292
325,FNDC10,0.170975849032402
326,LRRC40,111.38500213623
327,LMX1A,0.304717421531677
328,MAD2L2,0.318743377923965
329,H3C15,5.20046806335449
330,GUK1,17.4449214935303
331,ELAVL4,0.759840667247772
332,AHCYL1,0.678651571273804
333,OR6K3,0.409627020359039
334,SGIP1,33.3725395202637
335,ZBTB41,9.93732643127441
336,KDM1A,0.684687793254852
337,RAB13,80.3018188476562
338,HIPK1,44.8935165405273
339,MUTYH,31.4766635894775
340,SYPL2,0.316020011901855
341,FUCA1,5.77097940444946
342,KCNJ10,0.536959707736969
343,ARHGEF16,0.422822594642639
344,HECTD3,0.37322211265564
345,ATAD3C,0.322210252285004
346,GPR89B,3.89331340789795
347,TRIM11,18.5592269897461
348,CNIH3,1.35562515258789
349,AHDC1,7.70549345016479
350,FMN2,0.372281193733215
351,TM2D1,96.8959732055664
352,SLC35A3,19.8509044647217
353,GATAD2B,62.2844009399414
354,CYP4A22,0.477387428283691
355,NTNG1,0.623248636722565
356,KIF21B,0.316116005182266
357,RGS21,0.767687618732452
358,WDR47,8.3008451461792
359,SH3BP5L,47.556568145752
360,TSPAN2,2.51110792160034
361,BTBD19,36.5531120300293
362,RNF220,0.336293935775757
363,STRIP1,160.994674682617
364,DUSP10,11.9141521453857
365,VANGL1,5.25625991821289
366,C1orf94,0.360874205827713
367,KIF17,0.396922081708908
368,SRGAP2B,0.406451761722565
369,DNAI3,0.87599766254425
370,CACHD1,0.834943532943726
371,TPM3,99.2515182495117
372,PKP1,1.05313992500305
373,PRDM2,72.7631378173828
374,BNIPL,0.33655646443367
375,VSIG8,0.728612244129181
376,DDAH1,1.22490310668945
377,CHD5,0.297145217657089
378,H3-3A,291.443084716797
379,S100A7,0.627443373203278
380,PRAMEF14,0.221429005265236
381,GLRX2,124.919448852539
382,DYNLT4,29.0824756622314
383,DDX59,2.5830283164978
384,PIP5K1A,206.418365478516
385,NCDN,1.86017537117004
386,ATG4C,2.31974601745605
387,RSPO1,0.388421714305878
388,PSMA5,31.6465740203857
389,EXO5,13.2808132171631
390,TRAF3IP3,0.576502799987793
391,RPL11,171.617630004883
392,ANKRD65,0.17351046204567
393,PLA2G2F,0.994212687015533
394,BSDC1,73.5638961791992
395,PTGER3,0.599686026573181
396,GPR157,0.822619497776031
397,PPIAL4A,0.45019668340683
398,SNIP1,186.315032958984
399,NBPF6,0.770172238349915
400,RC3H1,0.582502782344818
401,PPT1,13.6988182067871
402,CREG1,7.16512870788574
403,KIAA0040,29.7188663482666
404,TAF5L,43.2797012329102
405,DMAP1,1.11014342308044
406,SLC25A24,148.408340454102
407,RCC2,0.902921855449677
408,BTF3L4,103.135047912598
409,FAM72A,2.33014321327209
410,AKT3,17.0644111633301
411,SPEN,53.2348022460938
412,PEX11B,1.68060386180878
413,PIGK,56.5333137512207
414,PPFIA4,0.336993604898453
415,STXBP3,0.712789714336395
416,LEFTY1,1.43449914455414
417,GBP4,0.351438790559769
418,FCRLB,4.78437376022339
419,COL24A1,0.458321899175644
420,OMA1,0.703308582305908
421,GSTM2,5.44620418548584
422,TOR1AIP2,49.4598007202148
423,GSTM4,1.19631338119507
424,CCDC30,3.46156454086304
425,ZBTB8B,4.21924543380737
426,GPBP1L1,65.9493865966797
427,PITHD1,0.639690101146698
428,PDC,0.863375306129456
429,ISG20L2,82.8515014648438
430,CYP4X1,1.24186897277832
431,WDR64,0.250499606132507
432,EDARADD,1.34526932239532
433,LRRC41,56.5338249206543
434,DNASE2B,0.658328592777252
435,CNIH4,55.7047424316406
436,MRPS14,61.5117607116699
437,CTH,29.5174922943115
438,OR2W3,0.293702214956284
439,MAB21L3,0.48499596118927
440,PGLYRP4,0.472021788358688
441,IGFN1,0.757936894893646
442,FGR,0.222784340381622
443,NEK7,15.8246002197266
444,WNT4,0.32891383767128
445,MIB2,0.374626368284225
446,PRAMEF27,0.29517075419426
447,THBS3,6.75422382354736
448,IVNS1ABP,1.17514550685883
449,TENT5B,12.1491899490356
450,H2AW,15.180778503418
451,SOAT1,2.75205373764038
452,MTX1,119.12459564209
453,POU2F1,17.810245513916
454,AGL,0.411970227956772
455,OR2M5,0.302753895521164
456,CAPN8,0.606311321258545
457,FAM72B,0.446981579065323
458,NBPF12,0.391722321510315
459,CRTC2,3.76454973220825
460,GOLT1A,1.53117752075195
461,MIGA1,19.1470508575439
462,NUAK2,30.8133201599121
463,UBL4B,0.87151426076889
464,CSF3R,0.45982626080513
465,PLXNA2,0.381400465965271
466,NUDT17,10.2082986831665
467,OR10Z1,0.344864547252655
468,MYBPH,0.445750415325165
469,ZDHHC18,1.64616429805756
470,DCST1,0.686885476112366
471,NPHP4,22.9198226928711
472,SYF2,39.8860855102539
473,KIF2C,23.8285541534424
474,NPL,0.370193481445312
475,SERINC2,0.676311671733856
476,MR1,4.67589616775513
477,MFSD14A,1.35551035404205
478,DHDDS,144.507232666016
479,LCK,0.45657342672348
480,SH3GLB1,74.3754119873047
481,FAF1,85.4502716064453
482,AMPD1,0.251833319664001
483,UBE2J2,26.1069431304932
484,FPGT,38.4429054260254
485,SLC30A10,0.886349380016327
486,SLC6A9,3.61371731758118
487,LAMB3,10.7893323898315
488,DISC1,18.1760501861572
489,FMO5,26.1502571105957
490,ARHGEF10L,0.384836405515671
491,RALGPS2,33.826904296875
492,FNDC7,0.500966966152191
493,TMEM69,44.0802536010742
494,DYRK3,6.74156618118286
495,UBXN11,64.4379577636719
496,CATSPER4,0.299212545156479
497,CHIA,0.331985324621201
498,CLCC1,48.4848251342773
499,CAMSAP2,19.2454509735107
500,S100A13,4.55132246017456
501,TRIM58,0.868994534015656
502,ADAMTSL4,9.52238082885742
503,PRKAB2,79.1433410644531
504,TSTD1,2.71624755859375
505,LAMTOR2,102.949462890625
506,OR14L1P,0.221041664481163
507,ZCCHC17,66.1564102172852
508,SMYD2,1.06840860843658
509,CD1B,0.462700754404068
510,S100A11,1.88575422763824
511,RAD54L,30.0269927978516
512,CR1,0.827221214771271
513,ZNF496,3.10684585571289
514,HORMAD1,0.274650782346725
515,OR2G2,0.261139661073685
516,IL10,0.201384037733078
517,KCNK2,1.35101318359375
518,LIN9,19.9725971221924
519,ZNF326,307.172607421875
520,CDCP2,0.345405071973801
521,GSTM1,0.565979242324829
522,NFYC,54.2323226928711
523,ST3GAL3,299.968994140625
524,SCMH1,1.09627652168274
525,PHF13,28.0900287628174
526,ZNF593,23.6741542816162
527,OR4F5,0.69852614402771
528,NEGR1,0.841932535171509
529,GPR89A,1.05695855617523
530,SRM,40.1091728210449
531,EIF2D,17.0450000762939
532,RRP15,21.4500045776367
533,ARL8A,1.30945217609406
534,MAST2,0.265097588300705
535,BATF3,0.569970428943634
536,NEXN,43.8066177368164
537,NDUFS2,3.73904466629028
538,TXNDC12,33.3022842407227
539,REG4,0.405468821525574
540,KLF18,0.710582971572876
541,SYDE2,64.6838989257812
542,GPN2,0.923396527767181
543,CRCT1,0.0935001075267792
544,MROH7,0.346444189548492
545,CAP1,13.3603115081787
546,CENPF,35.5876312255859
547,SCP2,13.4199342727661
548,SNRPE,92.1695785522461
549,SLC45A3,0.710471451282501
550,TAF13,72.115592956543
551,ECM1,2.1036696434021
552,IPO13,11.6908645629883
553,BCAR3,34.2927703857422
554,MARCKSL1,29.8393363952637
555,DEGS1,1.2585506439209
556,SYT11,31.3313636779785
557,FABP3,1.42779588699341
558,GPATCH2,43.2933959960938
559,KYAT3,84.2446746826172
560,PROX1,0.832399070262909
561,SEC16B,6.88394689559937
562,MTFR1L,34.6278038024902
563,TMEM59,56.0027694702148
564,SPRR2B,0.433291435241699
565,PROK1,0.461016327142715
566,CLCA1,0.257352292537689
567,GJB4,0.629763960838318
568,GIPC2,8.11029052734375
569,BCAN,0.205078676342964
570,AKR7A3,2.10346579551697
571,FCGR1A,0.270502150058746
572,MCL1,78.2575912475586
573,CSF1,10.822639465332
574,PMF1,77.7342758178711
575,FAM131C,3.09299874305725
576,C1orf112,0.357576429843903
577,TMEM63A,23.5277366638184
578,NIBAN1,0.23900043964386
579,RGS7,2.26786470413208
580,RAB42,1.35862922668457
581,AK5,1.08924627304077
582,IL12RB2,5.00269222259521
583,MECR,0.827275991439819
584,CEP350,0.687308490276337
585,F5,0.769487679004669
586,DCDC2B,1.44849133491516
587,AGO3,0.199937984347343
588,ERRFI1,260.122802734375
589,ATF3,0.668782413005829
590,GBP5,0.761385679244995
591,CYB561D1,26.5979766845703
592,AGRN,2.13582515716553
593,CCDC181,1.89312160015106
594,CCDC185,0.511061370372772
595,RAB25,0.329665213823318
596,MTHFR,67.9190139770508
597,FLAD1,114.672988891602
598,LCE3A,0.167180523276329
599,GJC2,7.44782972335815
600,ZBED6,21.1165561676025
601,SPRR1B,0.20118559896946
602,ILDR2,1.32304179668427
603,C4BPA,0.483468860387802
604,P3H1,1.88474774360657
605,POMGNT1,74.3115310668945
606,HEATR1,128.880523681641
607,ESPN,0.796401977539062
608,DOCK7,41.1548957824707
609,PLEKHM2,143.9912109375
610,PUM1,6.88977336883545
611,CDKN2C,6.38021087646484
612,SNX27,63.5569915771484
613,MYBPHL,0.429682374000549
614,TSACC,2.34153008460999
615,ACOT7,17.4112186431885
616,SPAG17,0.244779109954834
617,MFSD2A,0.406886875629425
618,FLG2,0.293594747781754
619,ACKR1,0.573220491409302
620,MTMR11,8.2164831161499
621,NCMAP,0.871721029281616
622,CD58,50.6878089904785
623,DBT,75.235481262207
624,CRP,1.06277084350586
625,TFB2M,125.25203704834
626,CLIC4,154.170150756836
627,MOB3C,10.4232482910156
628,OPRD1,1.14548110961914
629,ADAM30,0.700624167919159
630,SSU72,39.0039978027344
631,SHCBP1L,5.24191188812256
632,DHCR24,35.4914741516113
633,USP1,69.2832717895508
634,HYI,1.80927777290344
635,CLSPN,0.229802057147026
636,SHISAL2A,1.23111832141876
637,ZZZ3,0.574389755725861
638,TSPAN1,0.274802923202515
639,DIRAS3,3.32019138336182
640,LEPROT,66.5856246948242
641,CALML6,0.708746194839478
642,LRRC42,44.4043655395508
643,VWA1,5.02991771697998
644,SPATA17,33.2303161621094
645,PRKAA2,7.64040470123291
646,EIF4G3,0.523155868053436
647,PADI2,0.661025941371918
648,ZNF672,42.6531677246094
649,SORT1,0.416958659887314
650,PRAMEF12,0.978189647197723
651,BMP8A,5.06512212753296
652,PBX1,0.826238393783569
653,OR6F1,0.175373867154121
654,AADACL4,0.523115694522858
655,WDR3,50.5753860473633
656,LCE4A,0.337648004293442
657,CLK2,8.56825160980225
658,COG2,0.393073081970215
659,MRTO4,50.9252128601074
660,VASH2,5.36159133911133
661,WARS2,0.567014992237091
662,NUF2,160.643310546875
663,TRIM46,6.75780773162842
664,WLS,54.1442222595215
665,CD244,0.373331725597382
666,ANP32E,56.9149627685547
667,COA6,110.433380126953
668,MPZL1,82.3174819946289
669,VWA5B1,0.719502925872803
670,HCRTR1,1.74670815467834
671,KLHDC8A,0.557568252086639
672,TNFRSF18,0.130330339074135
673,CD247,0.355980277061462
674,DFFA,60.5994720458984
675,OVGP1,0.293196737766266
676,YIPF1,12.3544359207153
677,TOR1AIP1,228.794586181641
678,S100A6,84.1662979125977
679,SLFNL1,5.77626752853394
680,DDX20,32.8167610168457
681,GRIK3,0.390202105045319
682,PRAMEF7,0.559854567050934
683,DSTYK,1.68927669525146
684,CENPL,20.7684860229492
685,ADGRB2,2.45281839370728
686,RGS18,1.0941276550293
687,ELF3,0.677912831306458
688,AK2,38.8156661987305
689,EBNA1BP2,0.589109420776367
690,LAMC1,1.78239381313324
691,SAMD13,24.3287658691406
692,PIK3CD,0.622855544090271
693,SMG5,0.353149712085724
694,RD3,0.302391201257706
695,CFAP45,23.5686149597168
696,PKLR,0.35989898443222
697,ZNF697,40.3368759155273
698,DPM3,30.0947227478027
699,PPP1R12B,0.522264182567596
700,RGS1,0.896928191184998
701,PTGS2,9.00075531005859
702,CD160,3.49556446075439
703,TAS1R1,0.588616728782654
704,CACNA1S,2.56376647949219
705,POLR3GL,64.4941177368164
706,MAP3K6,3.09811806678772
707,GLIS1,0.138662129640579
708,CKS1B,9.97773551940918
709,CASZ1,0.437432050704956
710,TESK2,0.275701910257339
711,ETV3L,0.343088150024414
712,TDRD5,0.368095934391022
713,KLHL20,70.0721282958984
714,ANKRD45,3.4462890625
715,CEP85,1.20874226093292
716,TARDBP,614.827026367188
717,CFH,4.76748514175415
718,TNFRSF25,0.357906937599182
719,TARBP1,0.468955725431442
720,PGD,1.75730621814728
721,CZIB,5.98705148696899
722,EFCAB14,66.8018798828125
723,TMEM9,5.49880838394165
724,EPHA2,205.80793762207
725,TEKT2,4.89467620849609
726,ZNF644,20.8814315795898
727,CEP170,1.06954324245453
728,VPS13D,22.2776374816895
729,GJA9,0.715663313865662
730,CHD1L,47.1135559082031
731,AGO1,22.9099502563477
732,TCEANC2,54.4303817749023
733,ERICH3,0.322883576154709
734,PRAMEF2,0.592799127101898
735,H4C15,0.37581804394722
736,NME7,85.7658615112305
737,PCNX2,6.61805391311646
738,TNFRSF1B,31.5465106964111
739,OR10X1,0.66724556684494
740,FPGT-TNNI3K,36.9389152526855
741,KCNJ9,0.402831554412842
742,EXO1,92.2448501586914
743,PRDM16,0.932023763656616
744,C1orf146,0.541298866271973
745,TFAP2E,0.41777765750885
746,ADCY10,0.297014385461807
747,RXFP4,3.00373888015747
748,ITLN2,0.286990225315094
749,CHI3L2,0.765729784965515
750,KCNAB2,14.8098602294922
751,TOMM40L,15.303731918335
752,CR2,1.01675581932068
753,ACTRT2,0.345090806484222
754,GNPAT,2.13576173782349
755,CD1D,0.730507016181946
756,ADIPOR1,71.9040756225586
757,LBR,48.5339660644531
758,ATP1B1,60.275146484375
759,LAD1,0.697843313217163
760,TRMT1L,0.559005320072174
761,FCN3,0.358466565608978
762,FASLG,0.833422482013702
763,XCL1,0.572105228900909
764,DPH2,46.553466796875
765,OR14K1,0.263445913791656
766,OR2L2,0.413996964693069
767,ATP5PB,45.6877861022949
768,C1orf198,0.364932030439377
769,TRNAU1AP,0.627572894096375
770,APCS,0.623844623565674
771,NBPF20,0.664823830127716
772,COP1,7.4103045463562
773,MYOG,0.757941663265228
774,KLHDC7A,0.180821657180786
775,S100A14,2.18530797958374
776,ANKRD34A,27.7199954986572
777,PLPPR5,0.395193159580231
778,ARID4B,43.5416984558105
779,PLA2G2A,0.645732223987579
780,CLCA2,0.319194465875626
781,DCAF6,85.3669509887695
782,HSD17B7,1.78700459003448
783,LEMD1,0.43889981508255
784,COL9A2,0.265061944723129
785,OR2AJ1,0.469158738851547
786,CD164L2,0.290381819009781
787,JUN,211.910385131836
788,NEK2,39.292797088623
789,LDLRAP1,0.117574967443943
790,ATP6V1G3,0.554309129714966
791,TNN,0.299149215221405
792,ZSWIM5,12.1393623352051
793,DNM3,1.05744218826294
794,EMC1,31.271110534668
795,EXTL2,78.7797393798828
796,ZNF692,1.42289078235626
797,AIM2,0.404230892658234
798,PRPF38B,1.10329508781433
799,SYT2,0.285604417324066
800,HES4,2.96794629096985
801,SH2D5,2.09970331192017
802,CTSS,2.32627272605896
803,ODF2L,81.2820663452148
804,PDPN,0.472396522760391
805,C1orf174,10.5212640762329
806,CACNA1E,0.500445425510406
807,PAX7,0.343823820352554
808,HAPLN2,0.194672644138336
809,F11R,77.1842727661133
810,H2AC21,47.3767509460449
811,CD1E,0.910815834999084
812,IVL,0.286942958831787
813,SIPA1L2,0.797994434833527
814,COA7,25.0653247833252
815,SCCPDH,4.11645603179932
816,FCGR2B,0.428664416074753
817,KLHL21,8.98307323455811
818,PTGFRN,0.52080363035202
819,MACF1,0.466047763824463
820,TMEM79,77.2822723388672
821,CHIT1,0.591454982757568
822,MRPS15,84.8774032592773
823,FLVCR1,3.42573094367981
824,PRAMEF6,0.328851997852325
825,PLEKHG5,6.31434917449951
826,AKIRIN1,32.4548797607422
827,WNT3A,0.149800598621368
828,INTS3,3.26852965354919
829,FCRL4,0.503786981105804
830,SSR2,14.180193901062
831,NKAIN1,2.48118448257446
832,S100A3,1.99758231639862
833,UCHL5,42.655876159668
834,URB2,48.2628440856934
835,PEF1,93.8909301757812
836,LRRC8D,80.057243347168
837,ZBTB17,0.37723770737648
838,BRDT,0.645028293132782
839,IL20,1.36173379421234
840,UBE4B,1.32827126979828
841,BLACAT1,0.586297452449799
842,TCHH,0.123587749898434
843,SLC50A1,29.5574016571045
844,LCE3E,0.182714462280273
845,MAP10,3.73870444297791
846,PUSL1,18.9422435760498
847,WDR77,53.3593711853027
848,OPTC,0.513630568981171
849,GPATCH4,18.7165794372559
850,RCAN3,3.54984474182129
851,UBIAD1,71.1254577636719
852,DNTTIP2,4.36891651153564
853,GPR88,1.56114482879639
854,LELP1,1.15815997123718
855,TPRG1L,66.0373077392578
856,LRIF1,0.290187209844589
857,TNFSF4,19.3219947814941
858,CASQ2,0.417149126529694
859,DPH5,81.7601928710938
860,SPRR2A,0.400451481342316
861,PINK1,0.348029434680939
862,ZMPSTE24,99.7286758422852
863,OR2T33,0.359353423118591
864,CNTN2,2.93809843063354
865,FMO4,4.03626823425293
866,ECHDC2,7.42488193511963
867,IPO9,2.69608926773071
868,VAMP3,3.15900588035583
869,RGS8,0.986928582191467
870,OR2T4,0.477270245552063
871,WDTC1,7.59396409988403
872,IL24,0.708801448345184
873,OSBPL9,12.9897871017456
874,SMIM1,1.42902600765228
875,FCAMR,0.302401810884476
876,GBA,82.1097106933594
877,MYOM3,0.197895094752312
878,ATP5IF1,192.973190307617
879,PLEKHA6,2.94685101509094
880,HAX1,87.7981491088867
881,LDLRAD2,0.975178062915802
882,TMCO2,1.19989562034607
883,PPP1R15B,134.085159301758
884,PSRC1,27.5555782318115
885,PRG4,0.622951149940491
886,TMEM200B,2.13187742233276
887,SYT14,0.505767643451691
888,HLX,1.02238094806671
889,EXTL1,0.34288164973259
890,RNF187,15.3161172866821
891,RBM8A,77.3460083007812
892,KHDC4,54.415771484375
893,CDC14A,0.480650335550308
894,OR2L5,0.39195117354393
895,BGLAP,0.556579649448395
896,CIART,1.42143130302429
897,MICOS10,132.960906982422
898,PRAMEF1,0.831132173538208
899,SYCP1,0.47517666220665
900,KIAA1522,5.86349105834961
901,S100A9,2.07112050056458
902,METTL18,21.2512512207031
903,CHRM3,0.587445437908173
904,RHCE,0.229643911123276
905,UQCRH,79.2156066894531
906,METTL25B,73.4345397949219
907,ANGPTL7,0.64375764131546
908,CELA3A,0.474560439586639
909,DENND2C,0.245581939816475
910,TUFT1,18.1059036254883
911,EFNA1,125.508819580078
912,CCDC18,29.0338001251221
913,ARHGAP30,0.277526676654816
914,ARPC5,58.9169578552246
915,HPCAL4,0.672531008720398
916,NGF,0.397316157817841
917,IFI44,20.2932052612305
918,OR2T29,0.183282792568207
919,CCNL2,0.24872761964798
920,EPHX4,0.603413581848145
921,CYB5RL,27.0105476379395
922,TIMM17A,117.205902099609
923,SLAMF1,0.242793574929237
924,BSND,0.51620626449585
925,HMCN1,0.393045157194138
926,OR2G6,0.331989705562592
927,SPRR3,0.242917984724045
928,RWDD3,61.2814140319824
929,UFC1,27.8685722351074
930,SLC9A1,0.448701620101929
931,SELP,0.152707025408745
932,TSNAX,71.1968841552734
933,HNRNPCL1,0.712678074836731
934,TMOD4,0.600684404373169
935,PIGC,4.28543519973755
936,CFHR2,0.378730058670044
937,POLR3C,0.643091678619385
938,TTF2,1.5138543844223
939,TNNI1,0.921963930130005
940,PRCC,0.517889022827148
941,LHX9,0.223539397120476
942,AKR7A2,28.5397300720215
943,TIPRL,132.625305175781
944,TNNT2,1.14941656589508
945,JTB,14.2714948654175
946,CGN,8.46820640563965
947,SIKE1,149.255004882812
948,TMCO4,0.881889402866364
949,EPHA8,1.29959666728973
950,LRIG2,0.379171937704086
951,SLC16A4,1.604616522789
952,NPPB,1.04733228683472
953,UTP11,6.42981481552124
954,DR1,0.910228073596954
955,NVL,1.45210087299347
956,SEMA4A,0.472600877285004
957,CA14,0.680087983608246
958,HDGF,30.0460987091064
959,RBBP4,316.305847167969
960,RAP1A,0.339406669139862
961,SMYD3,0.539314746856689
962,PHGDH,60.2694282531738
963,NBPF14,0.211954578757286
964,CFAP126,2.54889917373657
965,ZBTB37,91.1623001098633
966,RNPEP,14.3160600662231
967,OR2L13,0.324359267950058
968,DMRTA2,0.239289164543152
969,CYP4Z1,0.737667560577393
970,PRSS38,0.358277201652527
971,CMPK1,61.1394462585449
972,MSTO1,5.07585906982422
973,TTC34,0.656878054141998
974,PEX14,0.439099252223969
975,GJA8,0.340839147567749
976,ZRANB2,60.5856056213379
977,NAXE,71.6160659790039
978,RCC1,231.015075683594
979,HMGCS2,0.424143075942993
980,SASS6,58.062198638916
981,UTS2,0.584193825721741
982,SMIM12,105.706809997559
983,LEPR,0.668125987052917
984,PBXIP1,95.4054336547852
985,GPR161,7.89918327331543
986,RSC1A1,1.86301875114441
987,PRAMEF33,0.315264850854874
988,KLHL17,0.402921617031097
989,GORAB,60.6132278442383
990,DENND4B,1.24532234668732
991,DNAJC6,0.82891184091568
992,WRAP73,7.27432250976562
993,DDR2,1.14748311042786
994,LCE2D,0.333830416202545
995,LYPLA2,7.85223484039307
996,KIAA1614,5.54380893707275
997,TMEM167B,48.3675537109375
998,ADGRL4,308.078979492188
999,KCNH1,0.973114311695099
1000,NBPF15,0.658914685249329
1001,INSL5,0.941007852554321
1002,ACBD3,0.672338366508484
1003,STX6,18.7086524963379
1004,RCSD1,0.338854521512985
1005,FCGR2A,0.52625173330307
1006,MIER1,103.793380737305
1007,TARS2,0.382896810770035
1008,HMGCL,0.547157824039459
1009,CYP4A11,0.618126511573792
1010,SNAPIN,106.951522827148
1011,OR2T1,0.289698421955109
1012,LZIC,211.873916625977
1013,SLC6A17,0.606294691562653
1014,DNALI1,40.4334716796875
1015,ERO1B,8.68668651580811
1016,PRAMEF20,0.325912952423096
1017,THAP3,11.1209383010864
1018,ADAM15,26.6061019897461
1019,LRP8,35.8559226989746
1020,C2CD4D,0.785017609596252
1021,LCE1F,0.329815983772278
1022,GABRD,3.22488689422607
1023,LCE2A,0.337648004293442
1024,MINDY1,66.8945388793945
1025,C1orf105,0.626332223415375
1026,B3GALT2,0.555543959140778
1027,NHLH1,0.535908639431
1028,KCNK1,0.446956008672714
1029,CFHR1,0.643729746341705
1030,DMRTB1,0.238615766167641
1031,BECN2,0.174419313669205
1032,VAMP4,66.2492523193359
1033,ZC3H11B,0.447372227907181
1034,FRRS1,0.405296564102173
1035,GPR25,0.622266232967377
1036,CDC73,100.60521697998
1037,TBX15,0.48126083612442
1038,UAP1,1.48661482334137
1039,RNF2,36.6468925476074
1040,ZNF691,34.6924362182617
1041,CSDE1,224.123474121094
1042,CD52,0.401226788759232
1043,BEST4,1.24305808544159
1044,MAGI3,6.4578332901001
1045,CD2,0.580940306186676
1046,IQCC,15.5222730636597
1047,DIO1,0.545893788337708
1048,CD48,0.18002425134182
1049,DRAXIN,0.458294272422791
1050,GSTM5,0.518050014972687
1051,SRRM1,65.8768768310547
1052,HS2ST1,102.948188781738
1053,CCSAP,2.11245274543762
1054,DENND1B,0.142673119902611
1055,RPS6KC1,22.9719581604004
1056,TMEM39B,50.1204528808594
1057,MROH9,0.708078265190125
1058,PRAMEF26,0.277426421642303
1059,PTPN14,0.809958398342133
1060,MUC1,6.42003870010376
1061,KCNN3,1.30381619930267
1062,CORT,2.52616000175476
1063,OR2T27,0.183282792568207
1064,INTS11,0.894964098930359
1065,CENPS-CORT,15.5088672637939
1066,DYNLT5,5.56742715835571
1067,SWT1,46.3171424865723
1068,SLC2A7,0.387632429599762
1069,PDE4B,0.904738068580627
1070,HES2,3.21392440795898
1071,FUBP1,1.88676476478577
1072,ZYG11B,23.7805633544922
1073,C1QB,0.824325919151306
1074,ZC3H12A,40.5827026367188
1075,OR6K2,0.532109260559082
1076,ABCD3,2.37665271759033
1077,NBPF1,0.747751951217651
1078,LCE3B,0.214590415358543
1079,OR2AK2,0.336309283971786
1080,MRPL20,57.9137992858887
1081,VPS72,108.526779174805
1082,SLC5A9,0.640197098255157
1083,NES,33.8242340087891
1084,HNRNPR,284.634674072266
1085,CAPZA1,176.379928588867
1086,HOOK1,0.955303251743317
1087,NUP210L,0.360849291086197
1088,OR2M7,0.15624888241291
1089,E2F2,44.1466827392578
1090,B3GALT6,25.919246673584
1091,ADAMTS4,2.78617596626282
1092,C1orf226,1.85107970237732
1093,MYOC,1.42061388492584
1094,OR14C36,0.416655629873276
1095,C1orf21,0.483641475439072
1096,RO60,35.604434967041
1097,PFDN2,127.705055236816
1098,GPR37L1,2.63975358009338
1099,PADI3,0.930976212024689
1100,FCGR3B,0.382740825414658
1101,ARNT,0.472606897354126
1102,ZBTB7B,5.950110912323
1103,SCAMP3,23.0933017730713
1104,UBE2T,55.5521430969238
1105,LAMC2,12.1074523925781
1106,HSD11B1,0.377692967653275
1107,OBSCN,2.19188165664673
1108,ETNK2,1.82792675495148
1109,S100A2,1.98249268531799
1110,SERBP1,1.66623425483704
1111,LIN28A,0.463227391242981
1112,LCE1A,0.219146877527237
1113,TMEM222,401.103607177734
1114,USP24,1.04877591133118
1115,NSUN4,27.2190074920654
1116,CFHR3,0.709128737449646
1117,FCRL1,0.442027717828751
1118,COL16A1,6.33160495758057
1119,SH2D1B,0.785272002220154
1120,STPG1,0.496547758579254
1121,TTC13,53.4947509765625
1122,FAM72C,0.375326097011566
1123,FAM102B,74.8752593994141
1124,FMOD,0.393202096223831
1125,TNFRSF8,0.4176025390625
1126,OAZ3,0.357993513345718
1127,OR6N1,0.392664521932602
1128,SRSF4,137.978759765625
1129,LY9,0.273242145776749
1130,SLC44A5,0.410556226968765
1131,MIXL1,2.11519598960876
1132,CTSE,1.24120759963989
1133,YRDC,125.037208557129
1134,PDZK1,1.02630770206451
1135,CDC7,1.20078253746033
1136,TNFRSF4,0.202545031905174
1137,GGPS1,16.0967502593994
1138,BCAS2,143.395309448242
1139,HCN3,1.29533171653748
1140,ETV3,65.200080871582
1141,GUCA2B,0.597467541694641
1142,PYHIN1,0.495486676692963
1143,H4C14,0.226237669587135
1144,KLHDC9,19.8086376190186
1145,PLPPR4,0.666559815406799
1146,C4BPB,0.415460020303726
1147,RPS27,160.794586181641
1148,SPRR2E,0.333276033401489
1149,SLC2A1,51.4681053161621
1150,HSD3B1,0.319647610187531
1151,ZMYND12,9.50563621520996
1152,RGSL1,1.21842992305756
1153,CAPN2,0.756583154201508
1154,CELA2B,0.958667039871216
1155,COL8A2,0.434099137783051
1156,C1QC,1.32313680648804
1157,FNBP1L,80.0788116455078
1158,SUSD4,1.45820164680481
1159,TMCO1,235.903717041016
1160,SLC39A1,7.661292552948
1161,SDCCAG8,6.30893278121948
1162,LMOD1,4.9744291305542
1163,NT5C1A,0.808724522590637
1164,SLC22A15,0.338153332471848
1165,NUCKS1,0.651276528835297
1166,ADGRL2,61.4785957336426
1167,LSM10,73.8651657104492
1168,SLC25A34,0.615886926651001
1169,ATAD3A,0.432021081447601
1170,OR2B11,0.457683742046356
1171,PNRC2,181.46696472168
1172,EPHX1,13.0417032241821
1173,MED8,156.792617797852
1174,ATP6V0B,147.416549682617
1175,UBE2Q1,1.8175048828125
1176,NIPAL3,43.7816009521484
1177,IGSF3,2.45952939987183
1178,AVPR1B,3.39499545097351
1179,EDN2,0.295984596014023
1180,C1orf232,2.21717834472656
1181,HNRNPU,8.58139514923096
1182,DEPDC1,148.717987060547
1183,SKI,0.754007875919342
1184,ALX3,0.363778859376907
1185,STMN1,11.5966005325317
1186,MRPL9,0.927675843238831
1187,TEX35,0.828050673007965
1188,PRXL2B,18.2330932617188
1189,PEA15,69.5534439086914
1190,IER5,90.2177200317383
1191,C1orf141,0.713122367858887
1192,EPB41,17.6357250213623
1193,TMEM82,2.55684685707092
1194,STK40,125.555923461914
1195,PHACTR4,10.5151348114014
1196,CDC42SE1,34.1907768249512
1197,LMO4,1.72700095176697
1198,RUSC1,21.5115222930908
1199,WNT2B,1.17776417732239
1200,LCE1D,0.27035665512085
1201,NCSTN,125.25675201416
1202,ACTL8,0.315722525119781
1203,RERE,66.0629119873047
1204,PRAMEF9,0.348810762166977
1205,CR1L,0.980403900146484
1206,BEND5,0.562582612037659
1207,ZBTB8OS,0.815702199935913
1208,FAM78B,0.514216959476471
1209,S100A7A,1.45381605625153
1210,RUNX3,0.462805688381195
1211,OTUD3,3.40200924873352
1212,FBXO6,2.79368710517883
1213,ATP1A1,21.4717960357666
1214,SFN,8.35841083526611
1215,DFFB,7.45973968505859
1216,LEXM,0.279613465070724
1217,CAPZB,38.366641998291
1218,TTC4,35.5879783630371
1219,KISS1,3.1488983631134
1220,HSPA6,16.3568420410156
1221,AURKAIP1,36.0099411010742
1222,AGTRAP,48.1599235534668
1223,CASP9,83.7271423339844
1224,PI4KB,0.623262703418732
1225,AKNAD1,0.422381907701492
1226,TLCD4,0.600505650043488
1227,IGSF8,3.16886925697327
1228,F13B,0.434451043605804
1229,PAPPA2,0.62112832069397
1230,LRRC53,0.349750101566315
1231,PRAMEF19,0.221412777900696
1232,CDK18,3.60316348075867
1233,NCF2,0.77926230430603
1234,SFPQ,0.66398823261261
1235,FBXO42,86.8696670532227
1236,CHRNB2,0.991013884544373
1237,H6PD,38.0170249938965
1238,TPR,1.84650588035583
1239,RHEX,0.823061406612396
1240,FCRL3,0.455785900354385
1241,UTP25,9.27766704559326
1242,ATAD3B,98.8254013061523
1243,EFCAB7,12.051531791687
1244,SCYL3,3.44467163085938
1245,OLFML3,1.60659575462341
1246,CLCNKB,1.84833121299744
1247,GJA4,0.353474110364914
1248,ISG15,2.94666051864624
1249,HES5,0.151180520653725
1250,TMEM234,1.75302422046661
1251,GPR153,2.25623798370361
1252,LDLRAD1,0.312337547540665
1253,OR6P1,0.32855549454689
1254,H2BC18,1.28888416290283
1255,ANGPTL1,10.8399877548218
1256,HES3,0.813609778881073
1257,KMO,0.648239433765411
1258,SCNM1,99.1584243774414
1259,AIDA,48.9386520385742
1260,PANK4,22.3963584899902
1261,PRAMEF15,0.315707087516785
1262,PADI4,0.679444134235382
1263,RGS5,90.4382476806641
1264,C1orf167,1.1065239906311
1265,NBPF19,0.575873136520386
1266,NLRP3,0.305947065353394
1267,RNASEL,30.9212226867676
1268,TEX50,0.718397378921509
1269,PABPC4,154.675796508789
1270,KIF26B,0.588098883628845
1271,FCGR3A,0.373081833124161
1272,MTARC2,1.10377109050751
1273,ELAPOR1,1.92126548290253
1274,AGMAT,1.03153920173645
1275,DUSP23,80.8343658447266
1276,MAEL,0.324469029903412
1277,LORICRIN,1.99032807350159
1278,OR2L8,0.319406539201736
1279,NBPF9,1.6148726940155
1280,MEGF6,3.13822746276855
1281,DUSP12,1.34963464736938
1282,PODN,3.42594957351685
1283,ELK4,36.4091720581055
1284,ASH1L,18.6093139648438
1285,CFHR4,0.753887355327606
1286,MAN1A2,48.3638534545898
1287,ATP2B4,143.846282958984
1288,C1orf54,3.35698580741882
1289,MACO1,60.2254180908203
1290,NPR1,2.11444354057312
1291,ALDH9A1,0.548633337020874
1292,GUCA2A,0.612052917480469
1293,TUT4,0.47355180978775
1294,GNG4,0.407396405935287
1295,GPR52,0.754448175430298
1296,PIFO,2.07627725601196
1297,PIAS3,68.6179885864258
1298,ZNF124,0.286188662052155
1299,RPAP2,46.6653785705566
1300,ACOT11,0.262565672397614
1301,FCRLA,0.372345179319382
1302,MAPKAPK2,0.780997097492218
1303,INPP5B,0.602242112159729
1304,TOMM20,0.58139979839325
1305,OR6N2,0.337664425373077
1306,FHL3,34.23095703125
1307,TMEM275,0.532418787479401
1308,SSX2IP,6.30685520172119
1309,CTBS,100.328994750977
1310,EIF2B3,11.4071855545044
1311,PER3,4.14367580413818
1312,ZNF684,27.7014503479004
1313,CCDC190,1.41294765472412
1314,BCL9,11.7737646102905
1315,CNST,138.936462402344
1316,LAPTM5,0.985812604427338
1317,NID1,14.8795766830444
1318,RPS8,2.7326352596283
1319,RBMXL1,132.897842407227
1320,WNT9A,5.53308916091919
1321,TRMT13,45.463207244873
1322,TACSTD2,15.3406066894531
1323,GCSAML,0.393062561750412
1324,IKBKE,1.0509877204895
1325,H2BU1,12.8755025863647
1326,PTPRF,1.16618931293488
1327,MANEAL,0.935860216617584
1328,PIGM,7.0798020362854
1329,RTCA,45.160457611084
1330,KIF1B,1.29614472389221
1331,AHCTF1,2.9939546585083
1332,SUCO,0.760398983955383
1333,PCP4L1,1.21076261997223
1334,HTR1D,4.92510557174683
1335,NPHS2,0.214612260460854
1336,CD101,0.423400282859802
1337,PHC2,2.50619268417358
1338,GBP6,0.623218715190887
1339,CADM3,1.03804612159729
1340,CHI3L1,0.501306176185608
1341,ELOVL1,196.086959838867
1342,PFKFB2,0.476624101400375
1343,HTR6,1.59449791908264
1344,FBLIM1,3.10770559310913
1345,UBAP2L,0.636485874652863
1346,S100A8,0.751063883304596
1347,OR2T2,0.264507442712784
1348,PLEKHO1,4.40880918502808
1349,NTRK1,0.542699992656708
1350,TENT5C,3.61476397514343
1351,ABL2,27.9256324768066
1352,S100A1,3.24725699424744
1353,CD1A,0.910815834999084
1354,ADPRS,62.8834228515625
1355,OR2T34,0.195346996188164
1356,S100PBP,77.9762496948242
1357,EPS8L3,2.48638772964478
1358,ATP13A2,0.415592581033707
1359,OR10J5,1.02102220058441
1360,SV2A,1.18815970420837
1361,ABCB10,0.428171098232269
1362,SLC44A3,2.0200297832489
1363,LCE6A,0.27035665512085
1364,C1orf127,0.494440764188766
1365,GPR3,40.1353187561035
1366,GBP1,13.8301839828491
1367,CPLANE2,32.0503082275391
1368,CRABP2,0.180020719766617
1369,ASAP3,14.5442543029785
1370,DRAM2,11.3375520706177
1371,RPE65,0.431633502244949
1372,NBPF4,0.612041771411896
1373,OR2T12,0.364589959383011
1374,ZNF683,0.231822416186333
1375,KIF14,11.8558053970337
1376,SLAMF9,0.793581068515778
1377,AMIGO1,4.11555099487305
1378,CDC42BPA,0.656377017498016
1379,GMEB1,0.45239183306694
1380,OR10K1,0.704374670982361
1381,MAP7D1,0.289799630641937
1382,HNRNPCL3,0.610103845596313
1383,FYB2,0.328135818243027
1384,CAMK1G,0.472439020872116
1385,AQP10,2.42351317405701
1386,A3GALT2,1.51292955875397
1387,AGBL4,3.02160954475403
1388,SDHB,1.15965807437897
1389,USF1,32.0795822143555
1390,COLGALT2,0.433279126882553
1391,MEF2D,0.503389894962311
1392,MAP1LC3C,0.404755264520645
1393,ARHGEF19,8.11000823974609
1394,TLR5,0.991980493068695
1395,ENO1,99.2414855957031
1396,MASP2,0.252527862787247
1397,HIVEP3,0.834733247756958
1398,ICMT,75.832649230957
1399,TMEM240,3.08876848220825
1400,OR11L1,0.190379917621613
1401,PGLYRP3,0.520789802074432
1402,B3GALNT2,51.7554931640625
1403,OR2T5,0.319848835468292
1404,MGST3,37.5457725524902
1405,SH3BGRL3,128.352783203125
1406,THEM5,0.820215046405792
1407,EFHD2,58.176212310791
1408,SPRR1A,0.18714539706707
1409,PDE4DIP,0.646783947944641
1410,NRAS,111.981666564941
1411,ZNF695,26.7702522277832
1412,EXOC8,142.278457641602
1413,TRABD2B,0.137670621275902
1414,AADACL3,0.85946261882782
1415,GTF2B,73.4878845214844
1416,DCST2,0.333154588937759
1417,PSMB4,45.8544006347656
1418,YBX1,38.38916015625
1419,MFSD4A,0.559486985206604
1420,PEX10,4.69348382949829
1421,CSRP1,98.0564346313477
1422,TADA1,0.643757045269012
1423,LRRC7,0.710960268974304
1424,TDRD10,16.1407337188721
1425,PLK3,8.32516765594482
1426,C1orf87,0.471002161502838
1427,MTR,52.454475402832
1428,AMY1C,0.397516161203384
1429,RABIF,139.312545776367
1430,PEAR1,1.96240818500519
1431,OR2T35,0.20011955499649
1432,SELENON,10.3420448303223
1433,CELA2A,1.53123557567596
1434,UBQLN4,17.49684715271
1435,FOXE3,0.65980464220047
1436,S100A12,0.638386011123657
1437,ALG6,17.5761413574219
1438,LCE5A,0.161524906754494
1439,MIA3,0.772960066795349
1440,HSPB7,0.303853809833527
1441,NFASC,1.4251321554184
1442,INKA2,7.2725682258606
1443,TTC24,0.38282698392868
1444,ATF6,76.1576538085938
1445,ANGEL2,38.0562477111816
1446,HENMT1,0.238666385412216
1447,LRRC39,0.326902329921722
1448,DNAJB4,101.36604309082
1449,TATDN3,3.73728537559509
1450,PIK3R3,99.0707015991211
1451,RNPC3,65.4304885864258
1452,KCNC4,2.14076280593872
1453,TRIM67,0.464885592460632
1454,ZNF678,74.6537628173828
1455,TMEM61,0.319743663072586
1456,BPNT1,37.3734741210938
1457,C1orf131,0.742650210857391
1458,SLC35D1,25.4207057952881
1459,RGS4,22.6101932525635
1460,TTLL7,39.9229316711426
1461,TNFAIP8L2,0.520017445087433
1462,OLFM3,0.998554646968842
1463,EVI5,88.1567459106445
1464,TMEM50A,47.4427757263184
1465,BTG2,151.219451904297
1466,RIMS3,1.97295534610748
1467,CC2D1B,0.582395613193512
1468,MKNK1,0.546454310417175
1469,PSMB2,22.9308567047119
1470,BARHL2,0.354570925235748
1471,ODR4,55.9644622802734
1472,PRAMEF18,0.331035107374191
1473,SERPINC1,0.279417514801025
1474,SLC2A5,0.559405624866486
1475,KTI12,141.816177368164
1476,NBPF10,0.933029055595398
1477,CELA3B,0.937759101390839
1478,CYB5R1,52.375560760498
1479,MFAP2,1.68695104122162
1480,RGS2,143.222839355469
1481,DIPK1A,12.6881618499756
1482,GRHL3,1.20181703567505
1483,ANKRD35,11.6716642379761
1484,IARS2,0.896560370922089
1485,TMEM183A,63.7532234191895
1486,APH1A,6.96574115753174
1487,FAM177B,0.869338929653168
1488,PTPRC,1.15592777729034
1489,UBR4,0.886856734752655
1490,CPT2,106.240577697754
1491,LHX4,0.56963711977005
1492,ENSA,36.0312042236328
1493,CROCC,0.656557321548462
1494,PGBD5,0.670318424701691
1495,TEDDM1,0.44956311583519
1496,PPCS,16.5001621246338
1497,ZNF669,149.872604370117
1498,CTTNBP2NL,0.748345613479614
1499,LUZP1,63.174861907959
1500,EPHB2,85.0503540039062
1501,TTC22,0.292593836784363
1502,RBP7,0.459603786468506
1503,MDM4,80.6119995117188
1504,RPF1,93.1222457885742
1505,POGK,53.6294097900391
1506,TGFB2,1.06886851787567
1507,SLC30A1,100.92618560791
1508,KDF1,0.205537408590317
1509,TP73,0.351701766252518
1510,CHML,1.65359973907471
1511,C1orf116,0.236961722373962
1512,SELENBP1,0.892600178718567
1513,SLC35F3,0.354973793029785
1514,DMBX1,0.301667332649231
1515,LPAR3,0.670386791229248
1516,TNR,1.5651421546936
1517,PLCH2,0.665538966655731
1518,AMY2A,0.426892399787903
1519,LRRIQ3,29.8051853179932
1520,PALMD,167.324584960938
1521,SMG7,127.868965148926
1522,KAZN,0.338102459907532
1523,PPIAL4G,0.14834375679493
1524,LENEP,0.982931613922119
1525,TSSK3,19.6061477661133
1526,OR14A16,0.347631454467773
1527,NBL1,2.8086040019989
1528,FCER1A,0.612293004989624
1529,IFI44L,0.500848710536957
1530,ASB17,0.577274680137634
1531,SDHC,0.57194185256958
1532,PLA2G2D,0.357323318719864
1533,FAM72D,0.530485868453979
1534,GPSM2,186.480697631836
1535,ZMYM1,0.657163619995117
1536,MPL,0.462390244007111
1537,MRPL55,9.96309947967529
1538,SLC1A7,0.973901689052582
1539,INSRR,0.614536941051483
1540,ENAH,0.403099566698074
1541,CLDN19,0.311175495386124
1542,MXRA8,0.577015459537506
1543,NBPF11,0.961789429187775
1544,PSMD4,0.862091720104218
1545,RASSF5,1.39171659946442
1546,INAVA,1.20788168907166
1547,ALPL,1.1037232875824
1548,TINAGL1,11.581524848938
1549,ZBTB8A,35.0159530639648
1550,EDEM3,107.128631591797
1551,TNFRSF14,11.4553079605103
1552,MAGOH,194.408264160156
1553,MUL1,35.2596054077148
1554,C1orf68,0.309278190135956
1555,PPIAL4H,0.685205221176147
1556,FNDC5,0.274431437253952
1557,DHX9,77.9798965454102
1558,OR2T7,0.299346506595612
1559,TXNIP,60.5913238525391
1560,NRDC,113.390525817871
1561,HSPG2,243.091812133789
1562,GNAT2,51.8602867126465
1563,PTBP2,126.061401367188
1564,CLCN6,100.676864624023
1565,OR2G3,0.27788707613945
1566,C1orf50,2.3264741897583
1567,RPS6KA1,1.23435366153717
1568,ASTN1,0.345643371343613
1569,C1orf210,0.575981676578522
1570,OR2T10,0.185620710253716
1571,LAX1,2.88102459907532
1572,KLHL12,1.21648967266083
1573,TIE1,0.581282436847687
1574,OR2M4,0.459331780672073
1575,LCE1B,0.27035665512085
1576,RAP1GAP,0.58300918340683
1577,ZMYM6,68.6639404296875
1578,EGLN1,33.9970893859863
1579,ITPKB,3.4568293094635
1580,SLC45A1,0.972529649734497
1581,DPT,0.6237553358078
1582,AZIN2,7.66006708145142
1583,LGR6,0.49819216132164
1584,MATN1,1.0906378030777
1585,CTSK,0.482596069574356
1586,YOD1,52.0357627868652
1587,RAB3GAP2,47.7242279052734
1588,ATP8B2,32.7437400817871
1589,ADORA3,0.515293121337891
1590,FCRL6,0.842625916004181
1591,MED18,5.82004356384277
1592,THEM4,1.61018121242523
1593,COL11A1,0.678311347961426
1594,IL6R,2.13975811004639
1595,GPX7,13.0321989059448
1596,NIT1,143.080795288086
1597,MFN2,90.1095504760742
1598,PKN2,4.85035943984985
1599,EFCAB2,94.7823104858398
1600,CELSR2,0.561600148677826
1601,CITED4,10.7974281311035
1602,RCOR3,33.5581855773926
1603,TMCC2,1.64442276954651
1604,RIT1,27.0550518035889
1605,PLA2G2C,0.606862246990204
1606,PTCH2,4.32161235809326
1607,TRIM45,0.303711116313934
1608,PTP4A2,66.9887084960938
1609,MAP3K21,4.34062051773071
1610,MYCBP,49.2672920227051
1611,CFAP74,1.14216065406799
1612,CDK11B,21.0190105438232
1613,USP21,78.1104049682617
1614,STYXL2,0.349302768707275
1615,C1orf109,43.0105323791504
1616,RLF,112.456672668457
1617,DLGAP3,0.27950319647789
1618,PIGR,0.603336811065674
1619,AJAP1,0.597994863986969
1620,SSBP3,0.594580829143524
1621,FAM167B,2.66916561126709
1622,TSHB,0.361657112836838
1623,DVL1,10.2058382034302
1624,MICOS10-NBL1,51.4592704772949
1625,GBP7,0.411655426025391
1626,DESI2,79.9540863037109
1627,AMY1A,0.426892399787903
1628,PERM1,0.261855185031891
1629,NPPA,1.14831745624542
1630,RNF223,0.716231405735016
1631,INTS7,157.098327636719
1632,OR6K6,0.622164964675903
1633,NADK,0.261841982603073
1634,HAO2,0.501918256282806
1635,XKR8,0.459122359752655
1636,MNDA,0.400177389383316
1637,DNAI4,0.445252060890198
1638,THEMIS2,0.485966354608536
1639,CNR2,0.27300038933754
1640,NUDC,0.677353024482727
1641,BCL2L15,0.204277843236923
1642,FBXO44,1.9330712556839
1643,GNG12,99.5974655151367
1644,SRARP,0.319879353046417
1645,SPSB1,0.557998716831207
1646,SNRNP40,110.023933410645
1647,KIRREL1,5.78443908691406
1648,ZFP69,14.8339223861694
1649,RAB4A,104.789360046387
1650,POU3F1,0.900385797023773
1651,C1orf100,18.7923698425293
1652,KCND3,0.572136878967285
1653,NDC1,30.135856628418
1654,TMED5,86.3782958984375
1655,CERS2,0.884846687316895
1656,OR10K2,0.401310443878174
1657,CYP4B1,0.608791589736938
1658,FBXO28,190.564361572266
1659,OTUD7B,0.601978361606598
1660,RAB7B,0.56028825044632
1661,PTAFR,0.294704884290695
1662,CD46,0.837811231613159
1663,ZFYVE9,36.4649696350098
1664,MTARC1,0.260740011930466
1665,H2BC21,46.3942108154297
1666,DISP1,0.964084267616272
1667,FAM163A,0.337765663862228
1668,GDAP2,49.9259948730469
1669,CACYBP,120.222396850586
1670,VPS45,56.2171859741211
1671,DNAJC8,64.0227127075195
1672,FCRL2,0.47540095448494
1673,FGGY,0.654905617237091
1674,SZRD1,179.382583618164
1675,DAB1,0.257213652133942
1676,AK4,3.31706547737122
1677,REN,0.702293455600739
1678,ARHGEF11,0.789908468723297
1679,SPRTN,41.3339691162109
1680,ZSCAN20,24.5946273803711
1681,ZNHIT6,46.0884056091309
1682,ROR1,5.06829023361206
1683,TRNP1,29.6932411193848
1684,ZBTB48,41.6012268066406
1685,EPRS1,1.19078123569489
1686,SPRR2F,0.213705271482468
1687,METTL13,97.2490539550781
1688,CLCA4,0.353875368833542
1689,KDM5B,7.26180267333984
1690,IL23R,1.06555283069611
1691,GCLM,179.772018432617
1692,SLC66A1,19.4818248748779
1693,TMIGD3,0.341541081666946
1694,SH3D21,4.56449794769287
1695,VANGL2,0.598964631557465
1696,LAMTOR5,82.5037078857422
1697,RRAGC,0.993573188781738
1698,PPP2R5A,0.315552920103073
1699,MYCL,1.14250981807709
1700,ECE1,16.6200771331787
1701,QSOX1,282.567535400391
1702,OR14I1,0.213915064930916
1703,FAM183A,3.18292784690857
1704,TAF12,126.295692443848
1705,EIF3I,18.3099689483643
1706,ACP6,0.376235157251358
1707,SPATA21,2.3034200668335
1708,S100A4,0.432976096868515
1709,PPIAL4F,0.715450048446655
1710,PRAMEF10,0.451517224311829
1711,CEPT1,29.2187519073486
1712,RPRD2,2.50289607048035
1713,OR10T2,0.453520715236664
1714,P3R3URF-PIK3R3,0.182036563754082
1715,C1orf115,2.45339345932007
1716,CAMTA1,0.885015845298767
1717,APOA2,4.31179189682007
1718,ZNF687,61.4273452758789
1719,COQ8A,41.4706954956055
1720,NTMT2,0.345782428979874
1721,NUP133,64.5696258544922
1722,SAMD11,1.02046501636505
1723,PHLDA3,17.9054889678955
1724,SOX13,1.98152041435242
1725,C1orf185,0.606843948364258
1726,PRUNE1,51.0201873779297
1727,MRPS21,21.1385841369629
1728,FAM189B,7.52874422073364
1729,TRIT1,10.9041032791138
1730,PADI1,0.703390657901764
1731,RNF11,254.500503540039
1732,CNKSR1,0.299212545156479
1733,BTBD8,19.4041366577148
1734,SLAMF6,0.372367084026337
1735,SLC19A2,163.688110351562
1736,SF3A3,15.4286298751831
1737,KIAA0319L,0.447453320026398
1738,ACTA1,0.382796198129654
1739,LRRC38,0.330339163541794
1740,FDPS,135.929779052734
1741,SELENOF,108.324729919434
1742,HFM1,2.75543475151062
1743,ERI3,0.763777673244476
1744,L1TD1,0.370517075061798
1745,YY1AP1,138.897979736328
1746,PAQR7,0.1680538803339
1747,PM20D1,0.525074481964111
1748,KNCN,0.197509750723839
1749,DTL,1.42953991889954
1750,GNAI3,98.3369979858398
1751,CRNN,0.326180338859558
1752,SYT6,0.545689284801483
1753,PARS2,64.9117965698242
1754,ACADM,24.0593433380127
1755,TMEM269,0.393912792205811
1756,OR2T8,0.391997128725052
1757,CATSPERE,15.5313682556152
1758,S1PR1,133.862716674805
1759,PAFAH2,25.2818450927734
1760,ADAR,54.1869583129883
1761,C1orf159,0.243642807006836
1762,CLEC20A,0.335192739963531
1763,TEX38,2.01193952560425
1764,ATPAF1,6.42300415039062
1765,PRMT6,17.0743713378906
1766,IRF2BP2,71.4371719360352
1767,SDF4,0.262599796056747
1768,GLMN,74.5923843383789
1769,SLC27A3,1.10152542591095
1770,IFFO2,71.9644088745117
1771,MCOLN3,0.438833326101303
1772,FLG,0.445573896169662
1773,PLEKHN1,1.1972895860672
1774,PADI6,0.730714499950409
1775,ZNF362,96.0497741699219
1776,CTNNBIP1,0.815727531909943
1777,OR2C3,0.18574084341526
1778,HNRNPCL2,0.313930511474609
1779,GPR137B,10.0262317657471
1780,SPATA6,3.40544033050537
1781,LGALS8,1.15226900577545
1782,BRINP3,2.52984356880188
1783,PRPF38A,154.597702026367
1784,TP53BP2,0.996062874794006
1785,TMEM201,0.311283320188522
1786,CCT3,45.1394691467285
1787,ASPM,68.9992752075195
1788,FOXJ3,37.0740928649902
1789,CENPS,15.9975128173828
1790,TNFSF18,16.7860832214355
1791,LRRN2,0.60309112071991
1792,RSBN1,49.7038269042969
1793,HHAT,0.163461178541183
1794,FAM151A,0.338982552289963
1795,HRNR,0.40836438536644
1796,LRRC8C,110.733047485352
1797,SLC35E2B,0.300460368394852
1798,POGZ,81.1954498291016
1799,GFI1,0.188008829951286
1800,OR2M2,0.354957461357117
1801,KCNA2,0.203270435333252
1802,SHE,4.2323637008667
1803,PHTF1,62.671215057373
1804,LCE1C,0.219179421663284
1805,UBXN10,0.694541096687317
1806,ACBD6,0.842361509799957
1807,ARV1,0.490744888782501
1808,PRAMEF4,0.442698955535889
1809,DAP3,78.7279891967773
1810,CCDC27,0.21446904540062
1811,LCE2B,0.293615490198135
1812,RAB3B,1.52849447727203
1813,GBP2,179.037261962891
1814,MRPL37,0.546779751777649
1815,DPYD,49.5598068237305
1816,AUNIP,21.1160278320312
1817,EVA1B,35.7524795532227
1818,LINGO4,0.304165363311768
1819,EYA3,64.3398284912109
1820,GLMP,2.33030676841736
1821,GJB3,0.863013803958893
1822,SRSF11,113.640869140625
1823,SEC22B,0.596909642219543
1824,DEDD,244.835494995117
1825,PYCR2,3.86952137947083
1826,PRAMEF17,0.308084100484848
1827,DDOST,40.2175331115723
1828,NSL1,62.3772201538086
1829,C1orf74,129.033142089844
1830,OR14A2,0.220197275280952
1831,SF3B4,20.1784191131592
1832,PTPRU,3.90879511833191
1833,RHBG,1.11195194721222
1834,ANKRD13C,50.019401550293
1835,RPL5,293.392120361328
1836,SPRR4,0.255137085914612
1837,CCDC28B,3.28356957435608
1838,ITGB3BP,48.9435997009277
1839,C8B,0.33347275853157
1840,IL19,0.841931223869324
1841,MYSM1,159.856414794922
1842,TMEM54,6.0994234085083
1843,ZNF281,60.7956771850586
1844,C1orf43,248.088104248047
1845,TRAF5,1.85524821281433
1846,SARS1,46.4100074768066
1847,TTC39A,2.79780793190002
1848,GJA5,0.417657941579819
1849,FCRL5,0.689671695232391
1850,OR10J1,0.74063640832901
1851,AMY1B,0.428908288478851
1852,MEAF6,33.7439613342285
1853,ARTN,0.787044882774353
1854,RHOC,115.942092895508
1855,RNF186,1.22771549224854
1856,C1orf216,31.9777755737305
1857,LMNA,7.9764256477356
1858,ATXN7L2,21.3705711364746
1859,TRIM62,14.9307346343994
1860,GBP3,132.908172607422
1861,FHAD1,1.45707190036774
1862,PARK7,77.6963653564453
1863,RGS16,1.11826753616333
1864,TSEN15,1.32548725605011
1865,ST6GALNAC3,1.38228690624237
1866,FBXO2,2.80440092086792
1867,RER1,154.576919555664
1868,HNRNPCL4,0.285849243402481
1869,ANGPTL3,0.279425889253616
1870,AMPD2,48.8791351318359
1871,SCNN1D,0.301557153463364
1872,CDK11A,2.56546568870544
1873,C1QA,1.40533399581909
1874,GPATCH3,83.6422271728516
1875,ASCL5,1.68125545978546
1876,PGM1,0.429733037948608
1877,TMEM125,0.34869658946991
1878,HJV,0.931686222553253
1879,PRELP,0.252614051103592
1880,IFI6,35.788761138916
1881,TBX19,0.407310277223587
1882,RGS13,1.01629221439362
1883,LRRC47,0.824740648269653
1884,SERTAD4,13.2861909866333
1885,KDM4A,156.492645263672
1886,EFNA4,66.0429153442383
1887,CD53,0.257913827896118
1888,CFAP57,0.3473901450634
1889,PRAMEF8,0.221041977405548
1890,TAS1R3,0.363599836826324
1891,LIX1L,186.019058227539
1892,GALNT2,17.1901741027832
1893,CAMK2N1,2.17307305335999
1894,SVBP,39.4440078735352
1895,LRRC71,0.371555298566818
1896,SLC25A33,14.3493700027466
1897,DHRS3,14.2472238540649
1898,PRPF3,49.8047409057617
1899,PPP1R8,157.10417175293
1900,BCL10,234.929794311523
1901,ARMH1,8.79929351806641
1902,AP4B1,78.5092086791992
1903,APOBEC4,3.9201123714447
1904,RABGAP1L,0.503407835960388
1905,PSEN2,8.0123176574707
1906,NOC2L,0.257209807634354
1907,RAB29,11.3046407699585
1908,NUDT4B,0.28415659070015
1909,MPC2,128.928466796875
1910,TCEA3,0.824290633201599
1911,GALE,3.96748328208923
1912,FAM89A,5.65269041061401
1913,CCN1,389.064666748047
1914,FOXO6,0.826692819595337
1915,CNN3,16.4158191680908
1916,C1orf52,29.5122146606445
1917,USP48,218.860580444336
1918,TYW3,0.980875074863434
1919,GON4L,0.60627669095993
1920,BLZF1,223.020401000977
1921,HP1BP3,76.5249557495117
1922,SRSF10,0.741780698299408
1923,SNAP47,1.9659481048584
1924,PRAMEF11,0.483170688152313
1925,KPNA6,1.38078582286835
1926,ID3,76.5629501342773
1927,PLA2G2E,0.949196577072144
1928,ALDH4A1,27.6220932006836
1929,ZYG11A,7.54719972610474
1930,ZP4,0.580719590187073
1931,AXDND1,0.286055475473404
1932,PIK3C2B,1.20459127426147
1933,UROD,62.9242744445801
1934,SDC3,0.422377705574036
1935,MMEL1,6.7918586730957
1936,OR2T6,0.361396163702011
1937,HHIPL2,0.555104076862335
1938,PRDX1,60.8166961669922
1939,CRYZ,59.5719261169434
1940,ITLN1,0.272374451160431
1941,TSNAX-DISC1,43.8458976745605
1942,SLC16A1,0.707063436508179
1943,TRIM17,0.206045493483543
1944,CFHR5,0.451540768146515
1945,ARHGAP29,155.56672668457
1946,C1orf53,16.9959468841553
1947,CELF3,0.26664263010025
1948,ELOA,97.38623046875
1949,KLF17,0.439265877008438
1950,OR1C1,0.239899188280106
1951,MMACHC,0.79467111825943
1952,FAAH,1.52529764175415
1953,PACC1,22.6376914978027
1954,VHLL,1.46801280975342
1955,NMNAT1,105.856468200684
1956,SPRR2D,0.407939940690994
1957,RYR2,0.803147256374359
1958,NR0B2,0.291739255189896
1959,DENND2D,0.44301638007164
1960,CD84,0.391331732273102
1961,SETSIP,0.81349903345108
1962,GNL2,0.592806339263916
1963,MOV10,23.3005294799805
1964,KCNQ4,2.15743541717529
1965,TRIM63,0.137093737721443
1966,VCAM1,3.76899480819702
1967,OR2T3,0.319848835468292
1968,TOR3A,28.7326774597168
1969,SLC9C2,3.15011096000671
1970,CREB3L4,5.70571899414062
1971,NOTCH2,0.393753439188004
1972,ANXA9,0.341392010450363
1973,FAM20B,71.2914581298828
1974,KANK4,0.283175349235535
1975,SYTL1,1.70832860469818
1976,PLPP3,16.0470161437988
1977,SHC1,132.990142822266
1978,OR2T11,0.221180334687233
1979,BRINP2,1.81622767448425
1980,PPIE,13.976279258728
1981,CRB1,0.417398124933243
1982,TRIM33,0.686724662780762
1983,SPATA1,42.4710121154785
