,gene_name,gex_predicted
0,CAPN9,0.162730917334557
1,ILF2,0.660359621047974
2,ST6GALNAC5,1.61843609809875
3,MROH7-TTC4,0.11827140301466
4,AGO4,0.460193306207657
5,AKR1A1,82.550178527832
6,LRRC8B,79.8533096313477
7,EFNA3,5.37138652801514
8,GSTM3,25.0007705688477
9,CRYBG2,0.206204622983932
10,CCDC24,0.381611824035645
11,ARHGEF2,3.10832691192627
12,SYNC,11.2041721343994
13,ABCA4,0.232225850224495
14,LYST,19.080940246582
15,XCL2,0.0961815044283867
16,RBM15,56.8827285766602
17,JAK1,0.482801079750061
18,SMAP2,0.132922545075417
19,PTPN7,0.116960354149342
20,IQGAP3,153.838806152344
21,IFI16,66.7012634277344
22,PIGV,8.74414443969727
23,IRF6,19.5812587738037
24,TMEM53,35.8510513305664
25,C1QTNF12,1.12532961368561
26,CLCNKA,0.566167414188385
27,SESN2,30.4946002960205
28,HPCA,0.560867190361023
29,PRAMEF13,0.200179979205132
30,IPP,162.894989013672
31,SELE,0.244909316301346
32,SETDB1,49.1103439331055
33,TNFRSF9,0.460927963256836
34,PRRC2C,0.90231066942215
35,TAL1,49.7796897888184
36,PPM1J,3.64073872566223
37,ATP1A2,0.197709321975708
38,CDC20,32.7543296813965
39,MARK1,6.926100730896
40,RNF19B,11.5587558746338
41,CPTP,73.2523651123047
42,ADORA1,0.211783140897751
43,PMF1-BGLAP,75.1753082275391
44,DNAH14,21.3320865631104
45,UBE2U,0.180326893925667
46,CEP104,26.7728061676025
47,DARS2,0.331008076667786
48,RNF207,2.41442489624023
49,BMP8B,0.797423422336578
50,VTCN1,0.276498973369598
51,GABPB2,9.80685615539551
52,NOS1AP,1.90093755722046
53,EPHA10,0.163322761654854
54,SRGAP2,0.872114419937134
55,SZT2,60.0266151428223
56,NR5A2,0.298863679170609
57,PMVK,52.9066581726074
58,LHX8,0.123618900775909
59,LCE3C,0.141352459788322
60,OR10R2,0.243609845638275
61,RNF115,0.511884570121765
62,LURAP1,37.3368873596191
63,NENF,9.12902069091797
64,TMEM52,2.90195178985596
65,SRP9,196.5654296875
66,MIIP,0.511198461055756
67,P3R3URF,0.167079597711563
68,WASF2,52.6493339538574
69,SMCP,0.235887318849564
70,GNB1,36.7421722412109
71,ARID1A,2.20700168609619
72,RIMKLA,2.66750025749207
73,NHLH2,0.105094999074936
74,ST7L,72.8125610351562
75,CYP2J2,1.09617853164673
76,PRRX1,0.283256620168686
77,ZNF436,57.7877349853516
78,C1orf56,4.22600841522217
79,DDI2,53.6411247253418
80,MTOR,0.618512272834778
81,PRAMEF5,0.232118532061577
82,TNNI3K,0.479643762111664
83,NMNAT2,0.249619796872139
84,YTHDF2,69.7144165039062
85,SFT2D2,62.8476600646973
86,FAM71A,0.531136989593506
87,FAAP20,10.5129861831665
88,SLC30A7,64.7523422241211
89,TLCD4-RWDD3,2.12174534797668
90,RFX5,10.7339963912964
91,C1orf122,22.1007404327393
92,CDA,0.198981299996376
93,RPTN,0.0711801424622536
94,FAM229A,0.353480815887451
95,CD55,0.811892449855804
96,MCOLN2,0.191731333732605
97,RASAL2,0.6760613322258
98,MEX3A,9.84806823730469
99,TGFBR3,18.9314994812012
100,PDIK1L,5.44036293029785
101,STUM,0.380984544754028
102,NDUFS5,37.6484794616699
103,CHTOP,97.8314590454102
104,ALG14,0.235981345176697
105,CD34,0.427773654460907
106,PTGFR,0.227143794298172
107,KCNA10,0.0643601194024086
108,FCMR,0.0681815519928932
109,LYPLAL1,40.5438079833984
110,RABGGTB,99.8251113891602
111,NFIA,13.3772077560425
112,ADSS2,82.5207061767578
113,PPIAL4E,0.153936043381691
114,FMO3,0.283681839704514
115,NECTIN4,0.223247170448303
116,SMPDL3B,0.302161246538162
117,ITGA10,19.1627063751221
118,H3-4,0.0659138411283493
119,AGT,0.23671917617321
120,H3C14,1.61377906799316
121,RBM34,137.297302246094
122,TTLL10,0.205967724323273
123,SPRR2G,0.145176932215691
124,FOXD2,0.0818823799490929
125,EXOSC10,0.830799102783203
126,TAGLN2,47.7888641357422
127,IGSF9,2.08348703384399
128,CCDC163,3.51355814933777
129,ZC3H11A,75.1116714477539
130,USH2A,0.482637971639633
131,F3,14.6823692321777
132,ZNF670-ZNF695,48.0710983276367
133,S100A16,8.31026077270508
134,SPATA45,0.156655997037888
135,FCER1G,0.436302661895752
136,HEYL,0.318423688411713
137,RBBP5,70.7834320068359
138,JMJD4,2.88958835601807
139,MLLT11,13.0343608856201
140,FAM110D,3.28498458862305
141,MMP23B,0.182263731956482
142,TMEM51,4.80206155776978
143,SLC26A9,0.109893679618835
144,VAV3,0.155569240450859
145,NTPCR,0.822373926639557
146,STIL,0.672099769115448
147,ZNF593OS,1.72958564758301
148,ARF1,31.0803833007812
149,PCSK9,0.27841392159462
150,TRAPPC3,87.9789886474609
151,GLUL,86.2536239624023
152,CD5L,0.271978348493576
153,DISP3,6.74498128890991
154,SLC30A2,0.119656965136528
155,LYSMD1,136.809585571289
156,MPZ,6.70841693878174
157,OR6Y1,0.198440700769424
158,PEX19,0.315640687942505
159,OR2M3,0.450928002595901
160,KIAA2013,8.46923351287842
161,DNAJC16,64.9024810791016
162,HDAC1,0.116267390549183
163,KCNT2,0.573446035385132
164,SH2D2A,9.41493606567383
165,IL22RA1,0.0762001872062683
166,CSMD2,0.268528282642365
167,NR1I3,0.137818336486816
168,LCE2C,0.143710523843765
169,TDRKH,0.288931757211685
170,PLOD1,0.415253043174744
171,SLC41A1,13.1361246109009
172,C8A,0.527377307415009
173,RXRG,0.181899949908257
174,RGL1,8.48323059082031
175,PRKCZ,0.341297745704651
176,ZBTB18,9.21215057373047
177,RHD,0.114659391343594
178,SEMA6C,0.487076342105865
179,RHOU,0.12257543951273
180,FOXD3,0.124143920838833
181,ZNF648,0.159454882144928
182,MORN1,122.569259643555
183,GOLPH3L,48.2165069580078
184,TMEM35B,35.7232704162598
185,PRKACB,0.372587293386459
186,OXCT2,0.0529002845287323
187,PARP1,51.6734657287598
188,S100A5,1.29117858409882
189,THRAP3,102.692947387695
190,UHMK1,82.8812561035156
191,NECAP2,65.8441543579102
192,NBPF3,0.32198092341423
193,H3C13,2.98446035385132
194,LYPD8,0.178402975201607
195,C1orf35,5.70974779129028
196,HMGN2,78.0455551147461
197,CDC42,81.8468246459961
198,RPA2,20.6616058349609
199,ZMYM4,11.8649473190308
200,RAVER2,20.3673210144043
201,CTRC,0.158925130963326
202,RIIAD1,0.512554049491882
203,PLA2G5,0.103641733527184
204,NOTCH2NLA,0.268344193696976
205,PRDX6,57.9941596984863
206,IBA57,0.533879995346069
207,G0S2,2.887864112854
208,TAS1R2,0.319198608398438
209,FAM76A,46.4751052856445
210,PATJ,5.46208572387695
211,SRGAP2C,0.427117258310318
212,FMO2,0.284842729568481
213,ZNF670,43.5837936401367
214,MAN1C1,0.485117107629776
215,OSCP1,110.424644470215
216,SPATA46,0.358218759298325
217,ATP1A4,0.178770676255226
218,LPGAT1,0.281414210796356
219,C1orf162,4.58167934417725
220,HSD3B2,0.107552736997604
221,OR2L3,0.36083248257637
222,B4GALT2,170.558959960938
223,PGBD2,20.8242168426514
224,ORC1,45.2944831848145
225,GPR61,0.130878090858459
226,XPR1,0.147781416773796
227,PRAMEF25,0.302573978900909
228,LACTBL1,0.152576610445976
229,PAQR6,0.387250930070877
230,S100A10,27.7458896636963
231,OLFML2B,0.833396017551422
232,KIFAP3,7.08793687820435
233,TOE1,59.2470817565918
234,ZFP69B,64.7042236328125
235,TAFA3,0.468898504972458
236,UCK2,1.21232509613037
237,BOLA1,20.6431007385254
238,KCTD3,0.350276589393616
239,ACAP3,0.272847503423691
240,MT1HL1,0.166519746184349
241,RPL22,6.17872762680054
242,ACTN2,2.91887545585632
243,CLSTN1,9.740891456604
244,FAM43B,0.316404163837433
245,COX20,15.7518644332886
246,PLA2G4A,0.943077266216278
247,NOL9,0.342002421617508
248,ESRRG,0.387957096099854
249,BROX,71.7819137573242
250,COPA,145.270309448242
251,PYGO2,12.5569515228271
252,PRR9,0.191225647926331
253,UQCRHL,0.434477895498276
254,HMGB4,0.347342371940613
255,RHBDL2,0.158592194318771
256,FH,20.6616058349609
257,CCDC17,1.18952906131744
258,MTF1,0.613250195980072
259,SELL,1.97168934345245
260,HPDL,12.9790477752686
261,GNG5,130.4619140625
262,GADD45A,173.810012817383
263,PPIH,1.58334290981293
264,TMEM88B,0.115748852491379
265,CTPS1,0.990973591804504
266,EPS15,0.209457874298096
267,KPRP,0.183281108736992
268,LEFTY2,0.158612817525864
269,TCHHL1,0.076542466878891
270,GJB5,0.123014122247696
271,FMO1,0.291481822729111
272,DNAJC11,57.544246673584
273,STX12,132.662506103516
274,WDR26,11.7446603775024
275,YARS1,27.8514823913574
276,OR13G1,0.189189985394478
277,GPA33,0.290859073400497
278,TAF1A,11.7375917434692
279,ERMAP,95.7361907958984
280,SLAMF8,0.311547517776489
281,LRRC52,0.138936519622803
282,IGSF21,0.528780102729797
283,PPOX,0.66489976644516
284,RORC,0.162147775292397
285,AMY2B,0.202246308326721
286,CA6,0.206202238798141
287,LCE3D,0.129818081855774
288,SHISA4,7.7113471031189
289,ZBTB40,23.3164577484131
290,TXLNA,19.6949062347412
291,LCE1E,0.183852538466454
292,RSRP1,4.44600677490234
293,H2AC20,8.41855049133301
294,PDZK1IP1,0.26471883058548
295,NBPF26,0.558290600776672
296,B4GALT3,20.4992656707764
297,SLC25A44,0.901854753494263
298,CASQ1,0.273403108119965
299,TMEM81,0.317926794290543
300,KCNA3,0.0772169157862663
301,HSPB11,12.8517427444458
302,KHDRBS1,19.1586437225342
303,USP33,0.70125138759613
304,NAV1,1.09553897380829
305,CD1C,0.0714028030633926
306,SPTA1,0.339784055948257
307,DCLRE1B,20.4299716949463
308,NASP,44.4468193054199
309,MSH4,0.547197639942169
310,OPN3,102.592514038086
311,DCAF8,22.2216606140137
312,MRPL24,126.14835357666
313,TEX46,0.616872310638428
314,IFNLR1,0.577373862266541
315,MTF2,65.6245880126953
316,PLD5,0.28387114405632
317,PTPN22,1.07895815372467
318,SNX7,45.0813369750977
319,SDE2,230.445495605469
320,CDCA8,59.0384483337402
321,SLAMF7,0.199228957295418
322,KRTCAP2,27.8332805633545
323,SPOCD1,1.58408951759338
324,GREM2,3.74690341949463
325,FNDC10,0.267354607582092
326,LRRC40,123.452674865723
327,LMX1A,0.214432179927826
328,MAD2L2,0.165283471345901
329,H3C15,2.58876657485962
330,GUK1,13.3208780288696
331,ELAVL4,0.500325679779053
332,AHCYL1,0.325333386659622
333,OR6K3,0.138397917151451
334,SGIP1,28.3739070892334
335,ZBTB41,13.6266040802002
336,KDM1A,0.341480374336243
337,RAB13,35.1350555419922
338,HIPK1,55.1683197021484
339,MUTYH,16.8165473937988
340,SYPL2,0.132646486163139
341,FUCA1,2.55746674537659
342,KCNJ10,0.237683564424515
343,ARHGEF16,0.241382345557213
344,HECTD3,0.312474817037582
345,ATAD3C,0.253910839557648
346,GPR89B,5.68439960479736
347,TRIM11,8.16193199157715
348,CNIH3,0.416328310966492
349,AHDC1,2.29614591598511
350,FMN2,0.512483060359955
351,TM2D1,108.082794189453
352,SLC35A3,23.3299369812012
353,GATAD2B,69.5246963500977
354,CYP4A22,0.282896310091019
355,NTNG1,0.268299072980881
356,KIF21B,0.118841215968132
357,RGS21,0.719237506389618
358,WDR47,10.3733329772949
359,SH3BP5L,4.26345539093018
360,TSPAN2,2.2610490322113
361,BTBD19,35.5637969970703
362,RNF220,0.109552837908268
363,STRIP1,73.1761856079102
364,DUSP10,15.4974422454834
365,VANGL1,5.072021484375
366,C1orf94,0.369437426328659
367,KIF17,0.233236968517303
368,SRGAP2B,0.34078910946846
369,DNAI3,0.317712426185608
370,CACHD1,1.05464565753937
371,TPM3,133.919158935547
372,PKP1,0.196183040738106
373,PRDM2,123.218139648438
374,BNIPL,0.0943080335855484
375,VSIG8,0.222840026021004
376,DDAH1,0.501697480678558
377,CHD5,0.147158265113831
378,H3-3A,711.135559082031
379,S100A7,0.151748761534691
380,PRAMEF14,0.159752175211906
381,GLRX2,105.325729370117
382,DYNLT4,23.4293231964111
383,DDX59,0.703289806842804
384,PIP5K1A,55.4392776489258
385,NCDN,0.86659836769104
386,ATG4C,1.05133807659149
387,RSPO1,0.117727756500244
388,PSMA5,23.0706939697266
389,EXO5,13.1476392745972
390,TRAF3IP3,0.290002316236496
391,RPL11,234.4482421875
392,ANKRD65,0.198856338858604
393,PLA2G2F,0.115289181470871
394,BSDC1,36.1670379638672
395,PTGER3,0.477106928825378
396,GPR157,0.356665998697281
397,PPIAL4A,0.191970139741898
398,SNIP1,95.3847808837891
399,NBPF6,0.226007089018822
400,RC3H1,0.340509623289108
401,PPT1,9.12944507598877
402,CREG1,7.49845027923584
403,KIAA0040,8.81637191772461
404,TAF5L,48.3425254821777
405,DMAP1,1.37593114376068
406,SLC25A24,90.9275588989258
407,RCC2,0.273498743772507
408,BTF3L4,55.0268669128418
409,FAM72A,0.987236976623535
410,AKT3,6.8286247253418
411,SPEN,43.9117012023926
412,PEX11B,1.06871843338013
413,PIGK,36.1585350036621
414,PPFIA4,0.0753993093967438
415,STXBP3,0.443167567253113
416,LEFTY1,1.45873892307281
417,GBP4,0.215220168232918
418,FCRLB,1.30332183837891
419,COL24A1,0.257269233465195
420,OMA1,0.251897811889648
421,GSTM2,7.86941719055176
422,TOR1AIP2,38.7636184692383
423,GSTM4,0.442639321088791
424,CCDC30,8.29873371124268
425,ZBTB8B,6.91482353210449
426,GPBP1L1,65.6721038818359
427,PITHD1,0.613116681575775
428,PDC,1.2440037727356
429,ISG20L2,45.707103729248
430,CYP4X1,1.6053512096405
431,WDR64,0.19678570330143
432,EDARADD,1.28306472301483
433,LRRC41,85.242561340332
434,DNASE2B,0.221850961446762
435,CNIH4,45.7052726745605
436,MRPS14,103.033836364746
437,CTH,32.5978622436523
438,OR2W3,0.198306351900101
439,MAB21L3,0.192432641983032
440,PGLYRP4,0.111171469092369
441,IGFN1,0.100117012858391
442,FGR,0.174744591116905
443,NEK7,10.7126560211182
444,WNT4,0.0918476730585098
445,MIB2,0.298565775156021
446,PRAMEF27,0.221503064036369
447,THBS3,13.2776985168457
448,IVNS1ABP,1.23630237579346
449,TENT5B,8.61461353302002
450,H2AW,9.76871585845947
451,SOAT1,1.76703321933746
452,MTX1,132.456253051758
453,POU2F1,17.0145931243896
454,AGL,0.370828866958618
455,OR2M5,0.274173974990845
456,CAPN8,0.254534423351288
457,FAM72B,0.285790413618088
458,NBPF12,0.280669957399368
459,CRTC2,0.342202246189117
460,GOLT1A,1.42553496360779
461,MIGA1,13.9081087112427
462,NUAK2,20.4013519287109
463,UBL4B,0.148253962397575
464,CSF3R,0.26064521074295
465,PLXNA2,0.777505993843079
466,NUDT17,24.7772846221924
467,OR10Z1,0.224029451608658
468,MYBPH,0.0628924146294594
469,ZDHHC18,0.288320660591125
470,DCST1,0.241877526044846
471,NPHP4,26.7942676544189
472,SYF2,25.8652439117432
473,KIF2C,44.021240234375
474,NPL,0.104307226836681
475,SERINC2,0.197403445839882
476,MR1,27.8942909240723
477,MFSD14A,0.53970992565155
478,DHDDS,97.0512924194336
479,LCK,0.100813917815685
480,SH3GLB1,59.0312118530273
481,FAF1,71.4995727539062
482,AMPD1,0.0844272822141647
483,UBE2J2,41.6657562255859
484,FPGT,53.6335029602051
485,SLC30A10,0.709442377090454
486,SLC6A9,1.54127252101898
487,LAMB3,9.24607849121094
488,DISC1,14.5779638290405
489,FMO5,6.56335973739624
490,ARHGEF10L,0.199767336249352
491,RALGPS2,13.641676902771
492,FNDC7,1.03478133678436
493,TMEM69,22.6737308502197
494,DYRK3,11.8652639389038
495,UBXN11,57.1086044311523
496,CATSPER4,0.153344348073006
497,CHIA,0.190959736704826
498,CLCC1,63.1413421630859
499,CAMSAP2,19.3218154907227
500,S100A13,6.74386501312256
501,TRIM58,0.574405372142792
502,ADAMTSL4,1.26254379749298
503,PRKAB2,30.0175018310547
504,TSTD1,2.57840752601624
505,LAMTOR2,28.9153118133545
506,OR14L1P,0.204806223511696
507,ZCCHC17,63.3868675231934
508,SMYD2,0.45095756649971
509,CD1B,0.134213089942932
510,S100A11,4.18032455444336
511,RAD54L,13.1942682266235
512,CR1,0.321259438991547
513,ZNF496,0.67179799079895
514,HORMAD1,0.284584641456604
515,OR2G2,0.246555879712105
516,IL10,0.194220647215843
517,KCNK2,2.19246411323547
518,LIN9,15.6502161026001
519,ZNF326,364.128967285156
520,CDCP2,0.698928117752075
521,GSTM1,0.265763401985168
522,NFYC,34.8021697998047
523,ST3GAL3,110.03369140625
524,SCMH1,0.33597794175148
525,PHF13,14.8367900848389
526,ZNF593,56.5663452148438
527,OR4F5,0.291620254516602
528,NEGR1,0.396377235651016
529,GPR89A,0.179361686110497
530,SRM,28.2064323425293
531,EIF2D,20.9250087738037
532,RRP15,28.7940692901611
533,ARL8A,0.197430640459061
534,MAST2,0.709283292293549
535,BATF3,0.350063592195511
536,NEXN,19.8205471038818
537,NDUFS2,7.89745616912842
538,TXNDC12,65.9818496704102
539,REG4,0.390525043010712
540,KLF18,0.0902580320835114
541,SYDE2,19.5515460968018
542,GPN2,0.165820822119713
543,CRCT1,0.127108067274094
544,MROH7,0.11925046890974
545,CAP1,19.6203079223633
546,CENPF,49.4193458557129
547,SCP2,4.83928823471069
548,SNRPE,142.846969604492
549,SLC45A3,0.140188351273537
550,TAF13,112.311500549316
551,ECM1,1.4857212305069
552,IPO13,3.48400545120239
553,BCAR3,19.3053207397461
554,MARCKSL1,15.650089263916
555,DEGS1,0.475196242332458
556,SYT11,66.334602355957
557,FABP3,3.19156122207642
558,GPATCH2,47.2658576965332
559,KYAT3,63.1154556274414
560,PROX1,2.7036988735199
561,SEC16B,0.741243064403534
562,MTFR1L,44.4167976379395
563,TMEM59,40.7241554260254
564,SPRR2B,0.142727583646774
565,PROK1,0.101562462747097
566,CLCA1,0.173031851649284
567,GJB4,0.0963425561785698
568,GIPC2,4.07232904434204
569,BCAN,0.193480908870697
570,AKR7A3,1.59170317649841
571,FCGR1A,0.199340775609016
572,MCL1,182.999893188477
573,CSF1,38.2446937561035
574,PMF1,64.5929718017578
575,FAM131C,1.57463645935059
576,C1orf112,0.455740451812744
577,TMEM63A,23.8719234466553
578,NIBAN1,0.129514276981354
579,RGS7,1.13197672367096
580,RAB42,0.740877509117126
581,AK5,1.03388464450836
582,IL12RB2,2.23270726203918
583,MECR,0.151535972952843
584,CEP350,0.163730189204216
585,F5,0.591078400611877
586,DCDC2B,0.326645731925964
587,AGO3,0.403129428625107
588,ERRFI1,79.7399597167969
589,ATF3,0.201475828886032
590,GBP5,0.241208776831627
591,CYB561D1,33.3397102355957
592,AGRN,0.754110932350159
593,CCDC181,1.05579543113708
594,CCDC185,0.126307427883148
595,RAB25,0.569104015827179
596,MTHFR,71.1709136962891
597,FLAD1,220.834854125977
598,LCE3A,0.12903805077076
599,GJC2,9.31511974334717
600,ZBED6,20.2672061920166
601,SPRR1B,0.268414080142975
602,ILDR2,0.966900110244751
603,C4BPA,0.208800911903381
604,P3H1,1.54990601539612
605,POMGNT1,63.2289581298828
606,HEATR1,44.058219909668
607,ESPN,0.378884762525558
608,DOCK7,75.8194808959961
609,PLEKHM2,45.2057800292969
610,PUM1,3.16877746582031
611,CDKN2C,3.98776125907898
612,SNX27,27.5508232116699
613,MYBPHL,0.261850297451019
614,TSACC,4.3556661605835
615,ACOT7,7.56800031661987
616,SPAG17,0.398899406194687
617,MFSD2A,0.121251940727234
618,FLG2,0.164725795388222
619,ACKR1,0.0760758370161057
620,MTMR11,6.37361097335815
621,NCMAP,0.261721581220627
622,CD58,9.52640247344971
623,DBT,32.3365516662598
624,CRP,0.236205920577049
625,TFB2M,186.138931274414
626,CLIC4,165.650314331055
627,MOB3C,21.8041362762451
628,OPRD1,1.57276737689972
629,ADAM30,0.135639652609825
630,SSU72,13.0658168792725
631,SHCBP1L,1.61326265335083
632,DHCR24,51.0300674438477
633,USP1,35.7407684326172
634,HYI,0.745482683181763
635,CLSPN,0.511561095714569
636,SHISAL2A,0.477300852537155
637,ZZZ3,1.3944206237793
638,TSPAN1,0.173101454973221
639,DIRAS3,3.69246792793274
640,LEPROT,79.5732498168945
641,CALML6,0.199696242809296
642,LRRC42,45.4013023376465
643,VWA1,1.80313897132874
644,SPATA17,51.2937850952148
645,PRKAA2,5.28465509414673
646,EIF4G3,0.473561465740204
647,PADI2,0.33652737736702
648,ZNF672,63.3145790100098
649,SORT1,0.215029895305634
650,PRAMEF12,0.155934602022171
651,BMP8A,14.7516679763794
652,PBX1,2.17236471176147
653,OR6F1,0.164814561605453
654,AADACL4,1.04149317741394
655,WDR3,68.1019897460938
656,LCE4A,0.143758445978165
657,CLK2,3.83893799781799
658,COG2,0.301574558019638
659,MRTO4,34.7548408508301
660,VASH2,6.68517780303955
661,WARS2,0.286272972822189
662,NUF2,53.757682800293
663,TRIM46,1.44003188610077
664,WLS,103.792335510254
665,CD244,0.276826977729797
666,ANP32E,69.9436721801758
667,COA6,114.861351013184
668,MPZL1,45.9739074707031
669,VWA5B1,0.150443598628044
670,HCRTR1,0.359646677970886
671,KLHDC8A,0.135265022516251
672,TNFRSF18,0.162913605570793
673,CD247,0.199778914451599
674,DFFA,82.4150772094727
675,OVGP1,0.125926449894905
676,YIPF1,10.625319480896
677,TOR1AIP1,115.164085388184
678,S100A6,15.5674991607666
679,SLFNL1,3.19446086883545
680,DDX20,21.9814052581787
681,GRIK3,0.291392475366592
682,PRAMEF7,0.220728978514671
683,DSTYK,0.808527588844299
684,CENPL,36.5670051574707
685,ADGRB2,0.712249279022217
686,RGS18,0.781016647815704
687,ELF3,0.19978991150856
688,AK2,53.7924270629883
689,EBNA1BP2,0.796629011631012
690,LAMC1,1.27169871330261
691,SAMD13,18.3416900634766
692,PIK3CD,0.353260964155197
693,SMG5,0.469556003808975
694,RD3,0.301219701766968
695,CFAP45,51.8291511535645
696,PKLR,0.150880634784698
697,ZNF697,80.9703521728516
698,DPM3,18.0941715240479
699,PPP1R12B,0.227881208062172
700,RGS1,0.324577808380127
701,PTGS2,2.78427791595459
702,CD160,0.719979465007782
703,TAS1R1,0.164218991994858
704,CACNA1S,0.438891768455505
705,POLR3GL,67.1283798217773
706,MAP3K6,1.98897528648376
707,GLIS1,0.512763977050781
708,CKS1B,7.0165057182312
709,CASZ1,0.116611026227474
710,TESK2,0.232324928045273
711,ETV3L,0.231141179800034
712,TDRD5,0.171260267496109
713,KLHL20,72.9617691040039
714,ANKRD45,1.32954478263855
715,CEP85,0.186160534620285
716,TARDBP,236.14973449707
717,CFH,2.948490858078
718,TNFRSF25,0.608941793441772
719,TARBP1,0.311502009630203
720,PGD,4.30530691146851
721,CZIB,1.11053419113159
722,EFCAB14,36.376350402832
723,TMEM9,2.42534160614014
724,EPHA2,122.739105224609
725,TEKT2,1.23733699321747
726,ZNF644,22.1991291046143
727,CEP170,0.584963619709015
728,VPS13D,45.121467590332
729,GJA9,0.149013847112656
730,CHD1L,31.0999526977539
731,AGO1,23.9973449707031
732,TCEANC2,11.5255470275879
733,ERICH3,0.176841050386429
734,PRAMEF2,0.122521914541721
735,H4C15,0.201248124241829
736,NME7,75.9793090820312
737,PCNX2,1.3303644657135
738,TNFRSF1B,43.3569030761719
739,OR10X1,0.183483481407166
740,FPGT-TNNI3K,54.9428634643555
741,KCNJ9,0.0909002646803856
742,EXO1,41.8169250488281
743,PRDM16,0.876477599143982
744,C1orf146,0.137087166309357
745,TFAP2E,0.689356923103333
746,ADCY10,0.177054449915886
747,RXFP4,2.3266749382019
748,ITLN2,0.234906747937202
749,CHI3L2,0.204714894294739
750,KCNAB2,16.9620151519775
751,TOMM40L,10.3824882507324
752,CR2,0.428067237138748
753,ACTRT2,0.131292790174484
754,GNPAT,0.721239626407623
755,CD1D,0.409991323947906
756,ADIPOR1,48.595645904541
757,LBR,38.4350624084473
758,ATP1B1,89.4749755859375
759,LAD1,0.190398529171944
760,TRMT1L,0.823787927627563
761,FCN3,0.162321954965591
762,FASLG,0.303491413593292
763,XCL1,0.125960469245911
764,DPH2,82.0951843261719
765,OR14K1,0.20237123966217
766,OR2L2,0.231873333454132
767,ATP5PB,119.672065734863
768,C1orf198,0.25326269865036
769,TRNAU1AP,0.498637408018112
770,APCS,1.43254864215851
771,NBPF20,0.278270930051804
772,COP1,4.51997661590576
773,MYOG,0.117545872926712
774,KLHDC7A,0.100015304982662
775,S100A14,0.752919375896454
776,ANKRD34A,10.8433122634888
777,PLPPR5,0.0987412184476852
778,ARID4B,75.4233779907227
779,PLA2G2A,0.0728249326348305
780,CLCA2,0.228847101330757
781,DCAF6,37.8849143981934
782,HSD17B7,1.81346249580383
783,LEMD1,0.202218651771545
784,COL9A2,0.218639075756073
785,OR2AJ1,0.194805279374123
786,CD164L2,0.124840542674065
787,JUN,110.346374511719
788,NEK2,26.6514453887939
789,LDLRAP1,0.924455165863037
790,ATP6V1G3,0.559493064880371
791,TNN,0.30090007185936
792,ZSWIM5,6.97996854782104
793,DNM3,0.271590054035187
794,EMC1,27.24827003479
795,EXTL2,69.3800735473633
796,ZNF692,2.75090909004211
797,AIM2,0.161178544163704
798,PRPF38B,1.73509800434113
799,SYT2,0.251273274421692
800,HES4,3.97532773017883
801,SH2D5,0.986561477184296
802,CTSS,11.7700033187866
803,ODF2L,41.8799629211426
804,PDPN,0.273808985948563
805,C1orf174,42.4298973083496
806,CACNA1E,0.364936262369156
807,PAX7,0.182313546538353
808,HAPLN2,0.232186764478683
809,F11R,28.9352703094482
810,H2AC21,16.4173183441162
811,CD1E,0.0942716151475906
812,IVL,0.197971507906914
813,SIPA1L2,0.578509569168091
814,COA7,22.001350402832
815,SCCPDH,6.55724430084229
816,FCGR2B,0.183546394109726
817,KLHL21,5.09321594238281
818,PTGFRN,0.195551350712776
819,MACF1,0.899976551532745
820,TMEM79,36.5660629272461
821,CHIT1,0.213626891374588
822,MRPS15,181.421020507812
823,FLVCR1,1.00401401519775
824,PRAMEF6,0.242795690894127
825,PLEKHG5,11.8454389572144
826,AKIRIN1,39.0569725036621
827,WNT3A,0.0868184119462967
828,INTS3,3.6861207485199
829,FCRL4,0.268570452928543
830,SSR2,5.28577661514282
831,NKAIN1,0.740960597991943
832,S100A3,1.53071439266205
833,UCHL5,75.3589935302734
834,URB2,69.4856567382812
835,PEF1,56.9970092773438
836,LRRC8D,45.2419013977051
837,ZBTB17,0.58073765039444
838,BRDT,0.766790926456451
839,IL20,0.154961675405502
840,UBE4B,0.308451592922211
841,BLACAT1,0.188269406557083
842,TCHH,0.116077415645123
843,SLC50A1,20.0589427947998
844,LCE3E,0.129818081855774
845,MAP10,2.59214282035828
846,PUSL1,23.3506488800049
847,WDR77,42.2535972595215
848,OPTC,0.253839164972305
849,GPATCH4,26.0657711029053
850,RCAN3,2.51134967803955
851,UBIAD1,95.9792251586914
852,DNTTIP2,1.53587865829468
853,GPR88,0.813560545444489
854,LELP1,0.173603802919388
855,TPRG1L,106.336372375488
856,LRIF1,0.485247731208801
857,TNFSF4,38.3987350463867
858,CASQ2,0.156247839331627
859,DPH5,79.2445449829102
860,SPRR2A,0.156989827752113
861,PINK1,0.185948848724365
862,ZMPSTE24,108.004951477051
863,OR2T33,0.247553303837776
864,CNTN2,2.01862406730652
865,FMO4,4.17990493774414
866,ECHDC2,6.3095965385437
867,IPO9,1.37216925621033
868,VAMP3,0.753929913043976
869,RGS8,0.0972336530685425
870,OR2T4,0.274173974990845
871,WDTC1,4.20336103439331
872,IL24,0.0624428205192089
873,OSBPL9,35.1251525878906
874,SMIM1,6.53847455978394
875,FCAMR,0.0941072776913643
876,GBA,62.5600547790527
877,MYOM3,0.0627061352133751
878,ATP5IF1,214.199356079102
879,PLEKHA6,4.35873794555664
880,HAX1,41.3595314025879
881,LDLRAD2,0.763850390911102
882,TMCO2,0.346432894468307
883,PPP1R15B,63.7237739562988
884,PSRC1,24.3735752105713
885,PRG4,0.766848027706146
886,TMEM200B,1.48854947090149
887,SYT14,0.330631613731384
888,HLX,1.37734174728394
889,EXTL1,0.10071887075901
890,RNF187,4.66510057449341
891,RBM8A,42.9826927185059
892,KHDC4,54.7568244934082
893,CDC14A,0.278472244739532
894,OR2L5,0.213188156485558
895,BGLAP,0.24801042675972
896,CIART,2.09369874000549
897,MICOS10,58.5548210144043
898,PRAMEF1,0.172566473484039
899,SYCP1,0.198228776454926
900,KIAA1522,9.26799011230469
901,S100A9,0.313158810138702
902,METTL18,23.5271034240723
903,CHRM3,0.673421204090118
904,RHCE,0.138882264494896
905,UQCRH,54.5007133483887
906,METTL25B,154.248687744141
907,ANGPTL7,0.159338772296906
908,CELA3A,0.297203153371811
909,DENND2C,0.138816833496094
910,TUFT1,50.9185256958008
911,EFNA1,27.5550804138184
912,CCDC18,15.5200672149658
913,ARHGAP30,0.216306522488594
914,ARPC5,88.4570999145508
915,HPCAL4,0.30665984749794
916,NGF,0.188227936625481
917,IFI44,15.2268075942993
918,OR2T29,0.221503064036369
919,CCNL2,0.503883481025696
920,EPHX4,0.492635518312454
921,CYB5RL,41.6698303222656
922,TIMM17A,133.878295898438
923,SLAMF1,0.177100494503975
924,BSND,0.16979618370533
925,HMCN1,0.742499172687531
926,OR2G6,0.438056081533432
927,SPRR3,0.26402348279953
928,RWDD3,21.0002517700195
929,UFC1,11.6324043273926
930,SLC9A1,0.23638828098774
931,SELP,0.168991252779961
932,TSNAX,73.8884506225586
933,HNRNPCL1,0.137942984700203
934,TMOD4,0.476787596940994
935,PIGC,2.87932157516479
936,CFHR2,0.384680986404419
937,POLR3C,0.558139443397522
938,TTF2,4.34005975723267
939,TNNI1,0.154339402914047
940,PRCC,0.708660483360291
941,LHX9,0.208733811974525
942,AKR7A2,21.0967807769775
943,TIPRL,70.5898590087891
944,TNNT2,0.507505357265472
945,JTB,10.3274364471436
946,CGN,4.98601007461548
947,SIKE1,26.5361824035645
948,TMCO4,0.430202543735504
949,EPHA8,0.770749092102051
950,LRIG2,0.290005475282669
951,SLC16A4,0.920818150043488
952,NPPB,0.166735753417015
953,UTP11,19.2535190582275
954,DR1,1.06528162956238
955,NVL,0.136884465813637
956,SEMA4A,1.06074416637421
957,CA14,0.686804115772247
958,HDGF,26.5274524688721
959,RBBP4,146.027328491211
960,RAP1A,0.244425043463707
961,SMYD3,0.769560635089874
962,PHGDH,30.9175796508789
963,NBPF14,0.329270988702774
964,CFAP126,1.03256392478943
965,ZBTB37,66.0358581542969
966,RNPEP,7.864990234375
967,OR2L13,0.222061574459076
968,DMRTA2,0.115123718976974
969,CYP4Z1,0.293062955141068
970,PRSS38,0.155201286077499
971,CMPK1,40.8870544433594
972,MSTO1,1.87514269351959
973,TTC34,0.230865180492401
974,PEX14,0.257469862699509
975,GJA8,0.23236420750618
976,ZRANB2,295.229827880859
977,NAXE,25.4333019256592
978,RCC1,176.149124145508
979,HMGCS2,0.207429006695747
980,SASS6,32.6270370483398
981,UTS2,0.133762985467911
982,SMIM12,83.8935470581055
983,LEPR,0.455750942230225
984,PBXIP1,108.477317810059
985,GPR161,13.7741403579712
986,RSC1A1,0.517042279243469
987,PRAMEF33,0.191269546747208
988,KLHL17,0.315412253141403
989,GORAB,53.660514831543
990,DENND4B,0.273489147424698
991,DNAJC6,1.59187757968903
992,WRAP73,16.1630992889404
993,DDR2,0.734782159328461
994,LCE2D,0.146894663572311
995,LYPLA2,5.03707408905029
996,KIAA1614,7.6566014289856
997,TMEM167B,94.3249053955078
998,ADGRL4,140.548461914062
999,KCNH1,1.40015077590942
1000,NBPF15,0.227626174688339
1001,INSL5,0.329079449176788
1002,ACBD3,0.326101154088974
1003,STX6,10.5725412368774
1004,RCSD1,0.213427126407623
1005,FCGR2A,0.248189866542816
1006,MIER1,61.0522804260254
1007,TARS2,0.142957597970963
1008,HMGCL,0.180112689733505
1009,CYP4A11,0.168754726648331
1010,SNAPIN,22.2569751739502
1011,OR2T1,0.211026564240456
1012,LZIC,251.978698730469
1013,SLC6A17,0.095405101776123
1014,DNALI1,35.2433662414551
1015,ERO1B,5.19947862625122
1016,PRAMEF20,0.167369544506073
1017,THAP3,2.91457867622375
1018,ADAM15,29.653715133667
1019,LRP8,14.1732683181763
1020,C2CD4D,0.0495455749332905
1021,LCE1F,0.202492877840996
1022,GABRD,0.825319111347198
1023,LCE2A,0.143758445978165
1024,MINDY1,20.7618923187256
1025,C1orf105,0.253047466278076
1026,B3GALT2,0.185060873627663
1027,NHLH1,0.140156537294388
1028,KCNK1,0.48865881562233
1029,CFHR1,0.252608418464661
1030,DMRTB1,0.111560344696045
1031,BECN2,0.139916956424713
1032,VAMP4,25.6318798065186
1033,ZC3H11B,0.143157631158829
1034,FRRS1,0.601636588573456
1035,GPR25,0.263499587774277
1036,CDC73,220.688110351562
1037,TBX15,0.241327360272408
1038,UAP1,0.477885842323303
1039,RNF2,33.2174263000488
1040,ZNF691,40.8330459594727
1041,CSDE1,108.040184020996
1042,CD52,0.0720458924770355
1043,BEST4,0.650808334350586
1044,MAGI3,2.86322379112244
1045,CD2,0.259487450122833
1046,IQCC,10.1728715896606
1047,DIO1,0.366034150123596
1048,CD48,0.173444718122482
1049,DRAXIN,0.233473241329193
1050,GSTM5,0.265360355377197
1051,SRRM1,63.0492477416992
1052,HS2ST1,24.6378116607666
1053,CCSAP,0.730048418045044
1054,DENND1B,0.39339542388916
1055,RPS6KC1,24.4599704742432
1056,TMEM39B,30.1379909515381
1057,MROH9,0.415554791688919
1058,PRAMEF26,0.221503064036369
1059,PTPN14,0.610962450504303
1060,MUC1,1.96655416488647
1061,KCNN3,0.395926654338837
1062,CORT,1.00759267807007
1063,OR2T27,0.165653184056282
1064,INTS11,0.449528515338898
1065,CENPS-CORT,13.6815423965454
1066,DYNLT5,27.138973236084
1067,SWT1,85.3599472045898
1068,SLC2A7,0.335251778364182
1069,PDE4B,1.02320158481598
1070,HES2,1.38524377346039
1071,FUBP1,1.99285018444061
1072,ZYG11B,54.7965812683105
1073,C1QB,0.485466152429581
1074,ZC3H12A,29.2945880889893
1075,OR6K2,0.182454109191895
1076,ABCD3,2.12433457374573
1077,NBPF1,0.15070253610611
1078,LCE3B,0.141352459788322
1079,OR2AK2,0.198306351900101
1080,MRPL20,30.9318389892578
1081,VPS72,90.9446868896484
1082,SLC5A9,0.226687133312225
1083,NES,63.2031517028809
1084,HNRNPR,317.472198486328
1085,CAPZA1,65.5011596679688
1086,HOOK1,0.460114717483521
1087,NUP210L,0.220876350998878
1088,OR2M7,0.239912837743759
1089,E2F2,8.70706462860107
1090,B3GALT6,42.8930130004883
1091,ADAMTS4,1.01381468772888
1092,C1orf226,0.780803382396698
1093,MYOC,0.167899012565613
1094,OR14C36,0.274173974990845
1095,C1orf21,0.413370490074158
1096,RO60,92.5759124755859
1097,PFDN2,98.3789749145508
1098,GPR37L1,1.75579476356506
1099,PADI3,0.613194823265076
1100,FCGR3B,0.137063592672348
1101,ARNT,0.200177401304245
1102,ZBTB7B,6.00739765167236
1103,SCAMP3,21.2549667358398
1104,UBE2T,50.9729423522949
1105,LAMC2,36.7600288391113
1106,HSD11B1,0.30524617433548
1107,OBSCN,1.11331033706665
1108,ETNK2,0.196644634008408
1109,S100A2,0.485227167606354
1110,SERBP1,0.650408029556274
1111,LIN28A,0.30781751871109
1112,LCE1A,0.163414999842644
1113,TMEM222,170.823226928711
1114,USP24,0.668094277381897
1115,NSUN4,56.5919227600098
1116,CFHR3,0.522254526615143
1117,FCRL1,0.273065894842148
1118,COL16A1,2.47411346435547
1119,SH2D1B,0.373046785593033
1120,STPG1,0.213571175932884
1121,TTC13,43.1590270996094
1122,FAM72C,0.314995437860489
1123,FAM102B,33.3628311157227
1124,FMOD,0.180388674139977
1125,TNFRSF8,0.389789521694183
1126,OAZ3,0.396907359361649
1127,OR6N1,0.291369020938873
1128,SRSF4,74.1408996582031
1129,LY9,0.318987458944321
1130,SLC44A5,0.117652110755444
1131,MIXL1,2.91330456733704
1132,CTSE,0.712805032730103
1133,YRDC,112.278625488281
1134,PDZK1,0.165458112955093
1135,CDC7,0.69887363910675
1136,TNFRSF4,0.183588251471519
1137,GGPS1,7.54427433013916
1138,BCAS2,81.1584396362305
1139,HCN3,0.768063485622406
1140,ETV3,69.9544448852539
1141,GUCA2B,0.115499921143055
1142,PYHIN1,0.15818777680397
1143,H4C14,0.307712376117706
1144,KLHDC9,12.4735107421875
1145,PLPPR4,0.328015118837357
1146,C4BPB,0.257330387830734
1147,RPS27,255.774765014648
1148,SPRR2E,0.210338830947876
1149,SLC2A1,29.4886531829834
1150,HSD3B1,0.155906990170479
1151,ZMYND12,5.99127769470215
1152,RGSL1,0.252685159444809
1153,CAPN2,0.438147276639938
1154,CELA2B,0.265656143426895
1155,COL8A2,1.34016239643097
1156,C1QC,0.516711592674255
1157,FNBP1L,59.1274452209473
1158,SUSD4,0.388985246419907
1159,TMCO1,256.857513427734
1160,SLC39A1,2.5220365524292
1161,SDCCAG8,11.6488208770752
1162,LMOD1,1.64565193653107
1163,NT5C1A,0.167642489075661
1164,SLC22A15,0.23267662525177
1165,NUCKS1,0.484403073787689
1166,ADGRL2,23.8920459747314
1167,LSM10,104.013107299805
1168,SLC25A34,0.316741615533829
1169,ATAD3A,0.142779216170311
1170,OR2B11,0.33886456489563
1171,PNRC2,323.670501708984
1172,EPHX1,7.28683280944824
1173,MED8,95.525016784668
1174,ATP6V0B,129.479553222656
1175,UBE2Q1,0.588511645793915
1176,NIPAL3,14.2634630203247
1177,IGSF3,2.00413131713867
1178,AVPR1B,0.56322181224823
1179,EDN2,0.136385828256607
1180,C1orf232,1.40927636623383
1181,HNRNPU,2.49731779098511
1182,DEPDC1,152.568862915039
1183,SKI,0.796046376228333
1184,ALX3,0.204943358898163
1185,STMN1,22.2626533508301
1186,MRPL9,0.258117377758026
1187,TEX35,0.286790132522583
1188,PRXL2B,27.3292922973633
1189,PEA15,86.8308181762695
1190,IER5,97.6305618286133
1191,C1orf141,0.33124104142189
1192,EPB41,16.6649513244629
1193,TMEM82,1.51332092285156
1194,STK40,43.3720588684082
1195,PHACTR4,12.1347093582153
1196,CDC42SE1,18.6618709564209
1197,LMO4,4.49921083450317
1198,RUSC1,21.3563499450684
1199,WNT2B,0.532686114311218
1200,LCE1D,0.202492877840996
1201,NCSTN,157.110244750977
1202,ACTL8,0.517210721969604
1203,RERE,46.2684936523438
1204,PRAMEF9,0.265203297138214
1205,CR1L,0.232051596045494
1206,BEND5,1.57930374145508
1207,ZBTB8OS,0.721937835216522
1208,FAM78B,0.291288018226624
1209,S100A7A,0.229438990354538
1210,RUNX3,0.0839807987213135
1211,OTUD3,0.674629032611847
1212,FBXO6,3.21068859100342
1213,ATP1A1,6.15213775634766
1214,SFN,0.960037648677826
1215,DFFB,7.05498456954956
1216,LEXM,0.0763420462608337
1217,CAPZB,33.1684875488281
1218,TTC4,34.3653984069824
1219,KISS1,1.49189043045044
1220,HSPA6,21.6649551391602
1221,AURKAIP1,13.7914190292358
1222,AGTRAP,31.8105010986328
1223,CASP9,43.4032783508301
1224,PI4KB,0.376586109399796
1225,AKNAD1,0.263776659965515
1226,TLCD4,0.208912923932076
1227,IGSF8,0.440660357475281
1228,F13B,0.198229044675827
1229,PAPPA2,0.460348188877106
1230,LRRC53,0.192193895578384
1231,PRAMEF19,0.170846447348595
1232,CDK18,5.56871604919434
1233,NCF2,0.204696491360664
1234,SFPQ,0.379531383514404
1235,FBXO42,114.11491394043
1236,CHRNB2,0.281168878078461
1237,H6PD,49.8274726867676
1238,TPR,1.28310751914978
1239,RHEX,0.32578781247139
1240,FCRL3,0.223745122551918
1241,UTP25,32.9331321716309
1242,ATAD3B,164.342239379883
1243,EFCAB7,26.3491115570068
1244,SCYL3,1.40079772472382
1245,OLFML3,0.366428911685944
1246,CLCNKB,0.919298470020294
1247,GJA4,0.102986134588718
1248,ISG15,2.48107671737671
1249,HES5,0.20052869617939
1250,TMEM234,0.945477068424225
1251,GPR153,3.71314907073975
1252,LDLRAD1,0.141476705670357
1253,OR6P1,0.197613641619682
1254,H2BC18,1.47137582302094
1255,ANGPTL1,2.28883171081543
1256,HES3,0.0811918154358864
1257,KMO,1.13616251945496
1258,SCNM1,61.1579322814941
1259,AIDA,57.3876419067383
1260,PANK4,24.6385383605957
1261,PRAMEF15,0.211643576622009
1262,PADI4,0.0967674627900124
1263,RGS5,44.7826499938965
1264,C1orf167,0.302067548036575
1265,NBPF19,0.504484117031097
1266,NLRP3,0.134979531168938
1267,RNASEL,18.1073036193848
1268,TEX50,0.111764006316662
1269,PABPC4,74.3549499511719
1270,KIF26B,0.317899286746979
1271,FCGR3A,0.16248045861721
1272,MTARC2,0.541410148143768
1273,ELAPOR1,0.844898819923401
1274,AGMAT,0.832957983016968
1275,DUSP23,18.3463249206543
1276,MAEL,0.202797278761864
1277,LORICRIN,0.204405710101128
1278,OR2L8,0.198306351900101
1279,NBPF9,1.47011566162109
1280,MEGF6,3.08085036277771
1281,DUSP12,1.03352832794189
1282,PODN,1.80762350559235
1283,ELK4,16.572624206543
1284,ASH1L,18.161075592041
1285,CFHR4,0.300827324390411
1286,MAN1A2,31.3583583831787
1287,ATP2B4,104.748550415039
1288,C1orf54,2.53087854385376
1289,MACO1,52.2965126037598
1290,NPR1,1.11134588718414
1291,ALDH9A1,0.68024617433548
1292,GUCA2A,0.145567625761032
1293,TUT4,0.118163459002972
1294,GNG4,0.190252259373665
1295,GPR52,0.226021006703377
1296,PIFO,12.0441236495972
1297,PIAS3,58.4800148010254
1298,ZNF124,0.172555491328239
1299,RPAP2,83.7880859375
1300,ACOT11,0.412021160125732
1301,FCRLA,0.0932804942131042
1302,MAPKAPK2,0.630538046360016
1303,INPP5B,0.269563257694244
1304,TOMM20,0.986311316490173
1305,OR6N2,0.178807780146599
1306,FHL3,21.2609119415283
1307,TMEM275,0.975397109985352
1308,SSX2IP,7.07006502151489
1309,CTBS,55.1335792541504
1310,EIF2B3,6.25014925003052
1311,PER3,0.874076068401337
1312,ZNF684,21.6558399200439
1313,CCDC190,1.02056312561035
1314,BCL9,32.5217094421387
1315,CNST,102.800827026367
1316,LAPTM5,0.317876219749451
1317,NID1,32.8194923400879
1318,RPS8,0.604966938495636
1319,RBMXL1,85.4440002441406
1320,WNT9A,2.8956880569458
1321,TRMT13,66.0179748535156
1322,TACSTD2,7.15332269668579
1323,GCSAML,0.217156067490578
1324,IKBKE,0.936587452888489
1325,H2BU1,9.52788639068604
1326,PTPRF,1.01646852493286
1327,MANEAL,0.464367598295212
1328,PIGM,10.3792905807495
1329,RTCA,44.6916236877441
1330,KIF1B,0.229183524847031
1331,AHCTF1,4.79256153106689
1332,SUCO,0.631704986095428
1333,PCP4L1,1.70606672763824
1334,HTR1D,1.8414626121521
1335,NPHS2,0.0932161137461662
1336,CD101,0.260540336370468
1337,PHC2,0.2866570353508
1338,GBP6,0.29197096824646
1339,CADM3,0.604229331016541
1340,CHI3L1,0.126007899641991
1341,ELOVL1,86.1925277709961
1342,PFKFB2,0.15693336725235
1343,HTR6,0.273722678422928
1344,FBLIM1,2.69338846206665
1345,UBAP2L,0.583575308322906
1346,S100A8,0.11224676668644
1347,OR2T2,0.293095767498016
1348,PLEKHO1,1.61625170707703
1349,NTRK1,0.420112788677216
1350,TENT5C,9.55199337005615
1351,ABL2,43.0743827819824
1352,S100A1,2.46275472640991
1353,CD1A,0.0698102861642838
1354,ADPRS,42.3493919372559
1355,OR2T34,0.225893393158913
1356,S100PBP,46.7738380432129
1357,EPS8L3,4.13029766082764
1358,ATP13A2,0.247539162635803
1359,OR10J5,0.298347234725952
1360,SV2A,2.42935371398926
1361,ABCB10,0.179435223340988
1362,SLC44A3,1.14553093910217
1363,LCE6A,0.212640658020973
1364,C1orf127,0.147121503949165
1365,GPR3,53.2558746337891
1366,GBP1,11.9978828430176
1367,CPLANE2,21.6845149993896
1368,CRABP2,0.520561993122101
1369,ASAP3,4.11997175216675
1370,DRAM2,5.89134454727173
1371,RPE65,0.221160769462585
1372,NBPF4,0.107977442443371
1373,OR2T12,0.352303802967072
1374,ZNF683,0.145311921834946
1375,KIF14,10.1344270706177
1376,SLAMF9,0.162638142704964
1377,AMIGO1,2.16551423072815
1378,CDC42BPA,0.198379293084145
1379,GMEB1,0.435229867696762
1380,OR10K1,0.245564877986908
1381,MAP7D1,0.822184801101685
1382,HNRNPCL3,0.285114914178848
1383,FYB2,0.278686255216599
1384,CAMK1G,0.161602839827538
1385,AQP10,0.384078711271286
1386,A3GALT2,0.312064558267593
1387,AGBL4,7.57876539230347
1388,SDHB,1.85329842567444
1389,USF1,8.68374443054199
1390,COLGALT2,0.229234844446182
1391,MEF2D,0.83014714717865
1392,MAP1LC3C,0.678259134292603
1393,ARHGEF19,6.70504474639893
1394,TLR5,2.013028383255
1395,ENO1,28.0282878875732
1396,MASP2,0.133937120437622
1397,HIVEP3,1.0346120595932
1398,ICMT,99.5481338500977
1399,TMEM240,2.68091034889221
1400,OR11L1,0.184871256351471
1401,PGLYRP3,0.183897629380226
1402,B3GALNT2,36.8045082092285
1403,OR2T5,0.272635847330093
1404,MGST3,73.6030197143555
1405,SH3BGRL3,46.3045997619629
1406,THEM5,0.445949912071228
1407,EFHD2,95.2143249511719
1408,SPRR1A,0.25232607126236
1409,PDE4DIP,0.701582074165344
1410,NRAS,163.863204956055
1411,ZNF695,68.9742126464844
1412,EXOC8,185.903793334961
1413,TRABD2B,0.112305842339993
1414,AADACL3,0.857116162776947
1415,GTF2B,57.5959625244141
1416,DCST2,0.204160079360008
1417,PSMB4,65.1778182983398
1418,YBX1,34.8772621154785
1419,MFSD4A,0.201644703745842
1420,PEX10,2.90591073036194
1421,CSRP1,47.0182762145996
1422,TADA1,0.376769989728928
1423,LRRC7,0.460105448961258
1424,TDRD10,45.8150482177734
1425,PLK3,19.9288787841797
1426,C1orf87,0.162567645311356
1427,MTR,61.8180923461914
1428,AMY1C,0.413387894630432
1429,RABIF,31.0170612335205
1430,PEAR1,0.661949276924133
1431,OR2T35,0.128298461437225
1432,SELENON,40.3388175964355
1433,CELA2A,0.247538134455681
1434,UBQLN4,16.0729465484619
1435,FOXE3,0.102111287415028
1436,S100A12,0.108224555850029
1437,ALG6,7.65274333953857
1438,LCE5A,0.151904284954071
1439,MIA3,0.250860452651978
1440,HSPB7,0.399695366621017
1441,NFASC,0.951588153839111
1442,INKA2,6.08734178543091
1443,TTC24,0.123850770294666
1444,ATF6,59.5328254699707
1445,ANGEL2,35.6031112670898
1446,HENMT1,0.239907935261726
1447,LRRC39,0.464413166046143
1448,DNAJB4,189.409301757812
1449,TATDN3,2.78283929824829
1450,PIK3R3,90.958610534668
1451,RNPC3,69.2934188842773
1452,KCNC4,0.267289310693741
1453,TRIM67,0.149567931890488
1454,ZNF678,39.6976318359375
1455,TMEM61,0.167385205626488
1456,BPNT1,32.5274314880371
1457,C1orf131,0.663201987743378
1458,SLC35D1,26.9400653839111
1459,RGS4,38.9419555664062
1460,TTLL7,18.8361721038818
1461,TNFAIP8L2,0.640422105789185
1462,OLFM3,0.261632651090622
1463,EVI5,46.7187576293945
1464,TMEM50A,80.656867980957
1465,BTG2,49.0653800964355
1466,RIMS3,0.366041094064713
1467,CC2D1B,0.660674333572388
1468,MKNK1,0.226868748664856
1469,PSMB2,14.3959016799927
1470,BARHL2,0.107344873249531
1471,ODR4,174.459411621094
1472,PRAMEF18,0.170942276716232
1473,SERPINC1,0.178497612476349
1474,SLC2A5,0.188639417290688
1475,KTI12,80.4171524047852
1476,NBPF10,0.243734657764435
1477,CELA3B,0.551588892936707
1478,CYB5R1,6.20544910430908
1479,MFAP2,0.856991648674011
1480,RGS2,128.130004882812
1481,DIPK1A,2.38589406013489
1482,GRHL3,0.275373011827469
1483,ANKRD35,10.9225769042969
1484,IARS2,0.571173667907715
1485,TMEM183A,58.6523780822754
1486,APH1A,0.910052061080933
1487,FAM177B,0.211240634322166
1488,PTPRC,1.80378484725952
1489,UBR4,0.315281987190247
1490,CPT2,30.8799362182617
1491,LHX4,0.843040943145752
1492,ENSA,65.8322601318359
1493,CROCC,0.289161860942841
1494,PGBD5,0.276186257600784
1495,TEDDM1,0.163460925221443
1496,PPCS,22.2240238189697
1497,ZNF669,79.5207901000977
1498,CTTNBP2NL,0.31915271282196
1499,LUZP1,11.6000175476074
1500,EPHB2,50.075065612793
1501,TTC22,0.0734996199607849
1502,RBP7,0.344420701265335
1503,MDM4,78.830696105957
1504,RPF1,86.4443893432617
1505,POGK,97.6296768188477
1506,TGFB2,1.29574501514435
1507,SLC30A1,27.3606643676758
1508,KDF1,0.0397928170859814
1509,TP73,0.218752965331078
1510,CHML,0.678997278213501
1511,C1orf116,0.105214133858681
1512,SELENBP1,1.02388119697571
1513,SLC35F3,0.564469814300537
1514,DMBX1,0.0891199260950089
1515,LPAR3,0.198294833302498
1516,TNR,0.49837738275528
1517,PLCH2,0.277470260858536
1518,AMY2A,0.134263649582863
1519,LRRIQ3,40.6960296630859
1520,PALMD,59.9328651428223
1521,SMG7,49.6079902648926
1522,KAZN,0.380563318729401
1523,PPIAL4G,0.149046897888184
1524,LENEP,0.343360632658005
1525,TSSK3,19.8996353149414
1526,OR14A16,0.198704063892365
1527,NBL1,0.565230846405029
1528,FCER1A,0.231386184692383
1529,IFI44L,0.447371631860733
1530,ASB17,0.262935638427734
1531,SDHC,0.27669632434845
1532,PLA2G2D,0.0933310836553574
1533,FAM72D,0.351546376943588
1534,GPSM2,96.4006958007812
1535,ZMYM1,0.200416997075081
1536,MPL,0.28700664639473
1537,MRPL55,6.72789716720581
1538,SLC1A7,0.181565120816231
1539,INSRR,0.191901594400406
1540,ENAH,0.196855306625366
1541,CLDN19,0.181043550372124
1542,MXRA8,0.335571944713593
1543,NBPF11,1.43947720527649
1544,PSMD4,0.185636103153229
1545,RASSF5,0.18712306022644
1546,INAVA,0.889895617961884
1547,ALPL,0.663768708705902
1548,TINAGL1,7.50537204742432
1549,ZBTB8A,15.2681512832642
1550,EDEM3,46.6796340942383
1551,TNFRSF14,9.56299018859863
1552,MAGOH,72.1312026977539
1553,MUL1,70.9593276977539
1554,C1orf68,0.202492877840996
1555,PPIAL4H,0.16056215763092
1556,FNDC5,0.144903361797333
1557,DHX9,52.9745903015137
1558,OR2T7,0.274173974990845
1559,TXNIP,65.7512512207031
1560,NRDC,23.3981456756592
1561,HSPG2,121.30290222168
1562,GNAT2,73.6446914672852
1563,PTBP2,81.8337554931641
1564,CLCN6,109.981597900391
1565,OR2G3,0.222802147269249
1566,C1orf50,0.955820739269257
1567,RPS6KA1,0.293524563312531
1568,ASTN1,0.248437538743019
1569,C1orf210,0.186659961938858
1570,OR2T10,0.221503064036369
1571,LAX1,1.42874443531036
1572,KLHL12,0.246943652629852
1573,TIE1,0.669753432273865
1574,OR2M4,0.399625480175018
1575,LCE1B,0.163414999842644
1576,RAP1GAP,0.136280193924904
1577,ZMYM6,50.1936645507812
1578,EGLN1,24.4790019989014
1579,ITPKB,3.04507517814636
1580,SLC45A1,0.485885173082352
1581,DPT,0.280979245901108
1582,AZIN2,4.04142904281616
1583,LGR6,0.11183474957943
1584,MATN1,0.36112317442894
1585,CTSK,0.425786286592484
1586,YOD1,48.4468078613281
1587,RAB3GAP2,67.4204254150391
1588,ATP8B2,20.5367088317871
1589,ADORA3,0.219107866287231
1590,FCRL6,0.673452854156494
1591,MED18,2.49528622627258
1592,THEM4,0.454418271780014
1593,COL11A1,0.46218067407608
1594,IL6R,0.460528254508972
1595,GPX7,27.7270812988281
1596,NIT1,89.8777770996094
1597,MFN2,166.993148803711
1598,PKN2,0.844065606594086
1599,EFCAB2,24.5178833007812
1600,CELSR2,0.151383891701698
1601,CITED4,9.28457927703857
1602,RCOR3,16.4341621398926
1603,TMCC2,0.917655229568481
1604,RIT1,96.3722915649414
1605,PLA2G2C,0.118941649794579
1606,PTCH2,2.26475596427917
1607,TRIM45,0.247309073805809
1608,PTP4A2,22.5271949768066
1609,MAP3K21,3.79950332641602
1610,MYCBP,41.2602729797363
1611,CFAP74,0.220953702926636
1612,CDK11B,19.0971374511719
1613,USP21,278.971923828125
1614,STYXL2,0.153930693864822
1615,C1orf109,65.6415176391602
1616,RLF,44.2006988525391
1617,DLGAP3,0.131137520074844
1618,PIGR,0.06400977820158
1619,AJAP1,0.336193203926086
1620,SSBP3,0.286359757184982
1621,FAM167B,1.44465267658234
1622,TSHB,0.114028416574001
1623,DVL1,8.52871417999268
1624,MICOS10-NBL1,33.1200485229492
1625,GBP7,0.196186080574989
1626,DESI2,42.3996620178223
1627,AMY1A,0.132574900984764
1628,PERM1,0.134132668375969
1629,NPPA,0.624699831008911
1630,RNF223,0.194478392601013
1631,INTS7,36.4181938171387
1632,OR6K6,0.230178937315941
1633,NADK,0.183709323406219
1634,HAO2,0.150818184018135
1635,XKR8,0.169523954391479
1636,MNDA,0.158935144543648
1637,DNAI4,0.722652792930603
1638,THEMIS2,0.152365684509277
1639,CNR2,0.0723858550190926
1640,NUDC,0.173709660768509
1641,BCL2L15,0.178169727325439
1642,FBXO44,7.16164016723633
1643,GNG12,50.0054626464844
1644,SRARP,0.213518694043159
1645,SPSB1,0.947672367095947
1646,SNRNP40,77.3795776367188
1647,KIRREL1,7.68184947967529
1648,ZFP69,21.4615707397461
1649,RAB4A,61.0966949462891
1650,POU3F1,0.74516773223877
1651,C1orf100,4.73351669311523
1652,KCND3,0.267995178699493
1653,NDC1,33.1488189697266
1654,TMED5,72.7915954589844
1655,CERS2,0.171945437788963
1656,OR10K2,0.232934191823006
1657,CYP4B1,0.331769287586212
1658,FBXO28,103.965255737305
1659,OTUD7B,0.334794938564301
1660,RAB7B,0.797340631484985
1661,PTAFR,0.221500605344772
1662,CD46,0.707456409931183
1663,ZFYVE9,35.0604438781738
1664,MTARC1,0.161550506949425
1665,H2BC21,25.2569332122803
1666,DISP1,0.508175015449524
1667,FAM163A,0.141120299696922
1668,GDAP2,69.5167083740234
1669,CACYBP,83.5470352172852
1670,VPS45,34.884895324707
1671,DNAJC8,129.610321044922
1672,FCRL2,0.170960336923599
1673,FGGY,0.757092773914337
1674,SZRD1,172.321029663086
1675,DAB1,0.407742947340012
1676,AK4,2.79800868034363
1677,REN,0.165233507752419
1678,ARHGEF11,0.838383555412292
1679,SPRTN,25.5239105224609
1680,ZSCAN20,60.6566848754883
1681,ZNHIT6,26.0627880096436
1682,ROR1,6.82530879974365
1683,TRNP1,6.58730125427246
1684,ZBTB48,46.2185897827148
1685,EPRS1,0.628835916519165
1686,SPRR2F,0.145176932215691
1687,METTL13,27.4627208709717
1688,CLCA4,0.40886390209198
1689,KDM5B,9.5233325958252
1690,IL23R,0.271170169115067
1691,GCLM,103.711647033691
1692,SLC66A1,22.640022277832
1693,TMIGD3,0.238803505897522
1694,SH3D21,2.98613905906677
1695,VANGL2,0.103253431618214
1696,LAMTOR5,84.471061706543
1697,RRAGC,1.00366854667664
1698,PPP2R5A,0.422960489988327
1699,MYCL,1.43295526504517
1700,ECE1,13.6772956848145
1701,QSOX1,79.7498092651367
1702,OR14I1,0.141551584005356
1703,FAM183A,1.38797724246979
1704,TAF12,134.403884887695
1705,EIF3I,5.84636735916138
1706,ACP6,0.5389484167099
1707,SPATA21,0.406588673591614
1708,S100A4,0.43419486284256
1709,PPIAL4F,0.197923824191093
1710,PRAMEF10,0.200067758560181
1711,CEPT1,22.0121059417725
1712,RPRD2,1.20025205612183
1713,OR10T2,0.143462747335434
1714,P3R3URF-PIK3R3,0.221679225564003
1715,C1orf115,1.52371144294739
1716,CAMTA1,0.441886603832245
1717,APOA2,0.885026454925537
1718,ZNF687,113.042533874512
1719,COQ8A,75.0584259033203
1720,NTMT2,0.350585997104645
1721,NUP133,46.7745971679688
1722,SAMD11,0.368976682424545
1723,PHLDA3,9.04213428497314
1724,SOX13,1.56360125541687
1725,C1orf185,0.11377776414156
1726,PRUNE1,45.3589134216309
1727,MRPS21,37.4518432617188
1728,FAM189B,1.67356944084167
1729,TRIT1,19.1315307617188
1730,PADI1,0.184006497263908
1731,RNF11,80.6312942504883
1732,CNKSR1,0.15583011507988
1733,BTBD8,21.7207355499268
1734,SLAMF6,0.117006123065948
1735,SLC19A2,94.7408752441406
1736,SF3A3,44.3817176818848
1737,KIAA0319L,0.225353315472603
1738,ACTA1,0.0221181064844131
1739,LRRC38,0.333759307861328
1740,FDPS,305.794342041016
1741,SELENOF,69.4684295654297
1742,HFM1,2.74216985702515
1743,ERI3,0.271168649196625
1744,L1TD1,0.260997027158737
1745,YY1AP1,97.4865875244141
1746,PAQR7,0.115501247346401
1747,PM20D1,0.146576583385468
1748,KNCN,0.108629800379276
1749,DTL,0.344967752695084
1750,GNAI3,34.590518951416
1751,CRNN,0.114509515464306
1752,SYT6,0.247750803828239
1753,PARS2,39.4507331848145
1754,ACADM,34.2771072387695
1755,TMEM269,0.260821998119354
1756,OR2T8,0.18804270029068
1757,CATSPERE,15.6010770797729
1758,S1PR1,116.723075866699
1759,PAFAH2,19.2604789733887
1760,ADAR,39.920352935791
1761,C1orf159,0.202423393726349
1762,CLEC20A,0.243755236268044
1763,TEX38,2.30968832969666
1764,ATPAF1,6.20349025726318
1765,PRMT6,24.7318878173828
1766,IRF2BP2,26.8760280609131
1767,SDF4,0.302050679922104
1768,GLMN,79.4537811279297
1769,SLC27A3,0.47300860285759
1770,IFFO2,118.207145690918
1771,MCOLN3,0.0769170150160789
1772,FLG,0.266131222248077
1773,PLEKHN1,0.665649712085724
1774,PADI6,0.123646460473537
1775,ZNF362,34.5018119812012
1776,CTNNBIP1,0.192790389060974
1777,OR2C3,0.18188551068306
1778,HNRNPCL2,0.225893393158913
1779,GPR137B,7.18836069107056
1780,SPATA6,5.00999975204468
1781,LGALS8,0.49953955411911
1782,BRINP3,1.51088511943817
1783,PRPF38A,64.0889282226562
1784,TP53BP2,0.410372078418732
1785,TMEM201,0.302378803491592
1786,CCT3,39.6880950927734
1787,ASPM,36.759838104248
1788,FOXJ3,31.2897987365723
1789,CENPS,16.6412506103516
1790,TNFSF18,15.7354497909546
1791,LRRN2,0.183531120419502
1792,RSBN1,32.537281036377
1793,HHAT,0.184455573558807
1794,FAM151A,0.182335540652275
1795,HRNR,0.142581686377525
1796,LRRC8C,278.908874511719
1797,SLC35E2B,0.189130187034607
1798,POGZ,34.5988655090332
1799,GFI1,0.119685180485249
1800,OR2M2,0.266849130392075
1801,KCNA2,0.121442802250385
1802,SHE,6.51457405090332
1803,PHTF1,88.5291748046875
1804,LCE1C,0.14623761177063
1805,UBXN10,0.131939366459846
1806,ACBD6,0.389569133520126
1807,ARV1,0.558274209499359
1808,PRAMEF4,0.221378892660141
1809,DAP3,72.6554565429688
1810,CCDC27,0.345508188009262
1811,LCE2B,0.143758445978165
1812,RAB3B,1.77015352249146
1813,GBP2,80.2238540649414
1814,MRPL37,1.47095513343811
1815,DPYD,106.174285888672
1816,AUNIP,23.013011932373
1817,EVA1B,6.43713855743408
1818,LINGO4,0.228470727801323
1819,EYA3,58.4317932128906
1820,GLMP,0.86478453874588
1821,GJB3,0.158177897334099
1822,SRSF11,104.560165405273
1823,SEC22B,0.174024879932404
1824,DEDD,40.0128593444824
1825,PYCR2,2.7796003818512
1826,PRAMEF17,0.206198439002037
1827,DDOST,30.9046821594238
1828,NSL1,92.164436340332
1829,C1orf74,75.5637359619141
1830,OR14A2,0.185985267162323
1831,SF3B4,22.6132068634033
1832,PTPRU,1.60510182380676
1833,RHBG,1.28942704200745
1834,ANKRD13C,62.4724426269531
1835,RPL5,113.558097839355
1836,SPRR4,0.25232607126236
1837,CCDC28B,0.569967091083527
1838,ITGB3BP,102.197174072266
1839,C8B,0.216766998171806
1840,IL19,0.168209135532379
1841,MYSM1,158.964706420898
1842,TMEM54,7.35614395141602
1843,ZNF281,60.0087585449219
1844,C1orf43,326.834991455078
1845,TRAF5,0.519409954547882
1846,SARS1,80.9718933105469
1847,TTC39A,1.17889308929443
1848,GJA5,0.289990335702896
1849,FCRL5,0.207195028662682
1850,OR10J1,0.313179194927216
1851,AMY1B,0.185653507709503
1852,MEAF6,62.2796211242676
1853,ARTN,0.140530914068222
1854,RHOC,57.165843963623
1855,RNF186,0.123887337744236
1856,C1orf216,36.9949226379395
1857,LMNA,13.7472743988037
1858,ATXN7L2,14.5720357894897
1859,TRIM62,1.84038507938385
1860,GBP3,132.900115966797
1861,FHAD1,0.652089357376099
1862,PARK7,13.9593849182129
1863,RGS16,0.162816315889359
1864,TSEN15,1.215008020401
1865,ST6GALNAC3,0.62593400478363
1866,FBXO2,3.10179257392883
1867,RER1,99.8832473754883
1868,HNRNPCL4,0.225893393158913
1869,ANGPTL3,0.157593935728073
1870,AMPD2,71.0425491333008
1871,SCNN1D,0.11259088665247
1872,CDK11A,1.55124688148499
1873,C1QA,0.506453096866608
1874,GPATCH3,89.0656051635742
1875,ASCL5,0.5450519323349
1876,PGM1,0.627610921859741
1877,TMEM125,0.113118059933186
1878,HJV,0.227502584457397
1879,PRELP,0.208730682730675
1880,IFI6,37.2986831665039
1881,TBX19,0.17940679192543
1882,RGS13,1.38775396347046
1883,LRRC47,0.245957225561142
1884,SERTAD4,18.1904773712158
1885,KDM4A,57.0734329223633
1886,EFNA4,31.7954120635986
1887,CD53,0.204833820462227
1888,CFAP57,0.195461854338646
1889,PRAMEF8,0.136743143200874
1890,TAS1R3,0.0914836153388023
1891,LIX1L,172.343963623047
1892,GALNT2,82.1228256225586
1893,CAMK2N1,2.20278930664062
1894,SVBP,31.4273052215576
1895,LRRC71,0.24650476872921
1896,SLC25A33,20.5408267974854
1897,DHRS3,23.4901390075684
1898,PRPF3,41.3889656066895
1899,PPP1R8,128.618621826172
1900,BCL10,161.506759643555
1901,ARMH1,18.4733543395996
1902,AP4B1,44.4764175415039
1903,APOBEC4,0.727775990962982
1904,RABGAP1L,0.199992269277573
1905,PSEN2,6.6299262046814
1906,NOC2L,0.13480207324028
1907,RAB29,1.78777348995209
1908,NUDT4B,0.24374695122242
1909,MPC2,128.451354980469
1910,TCEA3,0.261433482170105
1911,GALE,1.28816032409668
1912,FAM89A,5.01055669784546
1913,CCN1,31.5932598114014
1914,FOXO6,0.944502830505371
1915,CNN3,10.0072298049927
1916,C1orf52,84.4663848876953
1917,USP48,183.042037963867
1918,TYW3,0.547642111778259
1919,GON4L,0.788411378860474
1920,BLZF1,118.611808776855
1921,HP1BP3,88.1430053710938
1922,SRSF10,1.0850670337677
1923,SNAP47,1.49667811393738
1924,PRAMEF11,0.137057155370712
1925,KPNA6,0.582966983318329
1926,ID3,51.6362228393555
1927,PLA2G2E,0.0769909918308258
1928,ALDH4A1,31.322208404541
1929,ZYG11A,2.48056387901306
1930,ZP4,0.317762523889542
1931,AXDND1,0.157110750675201
1932,PIK3C2B,0.374176263809204
1933,UROD,26.6418266296387
1934,SDC3,0.161026805639267
1935,MMEL1,1.24106514453888
1936,OR2T6,0.274173974990845
1937,HHIPL2,0.0864393264055252
1938,PRDX1,23.6886196136475
1939,CRYZ,88.9403228759766
1940,ITLN1,0.198364436626434
1941,TSNAX-DISC1,56.7107543945312
1942,SLC16A1,0.581941843032837
1943,TRIM17,0.055257074534893
1944,CFHR5,0.392809480428696
1945,ARHGAP29,106.849220275879
1946,C1orf53,18.2756195068359
1947,CELF3,0.332146912813187
1948,ELOA,36.0991706848145
1949,KLF17,0.133747741580009
1950,OR1C1,0.168663218617439
1951,MMACHC,0.590955495834351
1952,FAAH,0.776955127716064
1953,PACC1,22.9917316436768
1954,VHLL,0.877314448356628
1955,NMNAT1,133.927597045898
1956,SPRR2D,0.142538219690323
1957,RYR2,0.614237487316132
1958,NR0B2,0.12345489859581
1959,DENND2D,0.129734605550766
1960,CD84,0.0728447511792183
1961,SETSIP,0.198087260127068
1962,GNL2,0.288859307765961
1963,MOV10,8.68086433410645
1964,KCNQ4,0.243676275014877
1965,TRIM63,0.176825001835823
1966,VCAM1,7.80094575881958
1967,OR2T3,0.272635847330093
1968,TOR3A,18.1758289337158
1969,SLC9C2,1.91088449954987
1970,CREB3L4,1.64155209064484
1971,NOTCH2,0.231050625443459
1972,ANXA9,0.233465269207954
1973,FAM20B,19.9112110137939
1974,KANK4,0.230701804161072
1975,SYTL1,3.38141989707947
1976,PLPP3,18.8092422485352
1977,SHC1,167.881210327148
1978,OR2T11,0.225825861096382
1979,BRINP2,1.0473940372467
1980,PPIE,20.6793270111084
1981,CRB1,0.286691576242447
1982,TRIM33,0.342065155506134
1983,SPATA1,59.8625450134277
